run_id,success,backend,pattern,rate,offered_Bps,offered_GBps,achieved_Bps,achieved_GBps,read_Bps,write_Bps,avg_latency_ticks,avg_read_latency_ticks,avg_write_latency_ticks,bytes_read,bytes_written,total_reads,total_writes,num_packets,num_retries,retry_ticks,request_buffer_messages,request_buffer_avg_messages,request_buffer_occupancy,response_buffer_messages,response_buffer_avg_messages,sim_ticks,host_seconds,host_tick_rate,gem5_dram_avg_queue_latency,gem5_dram_avg_memory_latency,gem5_dram_bus_util,gem5_dram_peak_MiBps,dramsys_memory_type,dramsys_avg_bw_GBps,dramsys_max_bw_GBps,wall_seconds,exit_cause,run_dir
linear-read-gem5-1GiBps,True,gem5,linear-read,1GiB/s,1073741824.0,1.073741824,1068800000.0,1.0688,1068800000.0,0.0,51255.08982035928,51255.08982,nan,21376.0,0.0,334.0,0.0,335.0,0.0,0.0,335.0,0.005578,0.002789,334.0,0.006845,20000000.0,0.05,403217677.0,5113.36,23337.36,7.18,14925.0,,nan,nan,0.5045925110007374,board.processor.cores.generator has encountered the exit state and will terminate the simulation.,m5out/chi-rni-ddr4-memory-sweep/runs/linear-read-gem5-1GiBps
linear-read-gem5-2GiBps,True,gem5,linear-read,2GiB/s,2147483648.0,2.147483648,2140800000.0,2.1408,2140800000.0,0.0,51807.65022421525,51807.650224,nan,42816.0,0.0,669.0,0.0,671.0,0.0,0.0,670.0,0.011155,0.005578,669.0,0.013702,20000000.0,0.05,370809849.0,5673.77,23897.77,14.37,14925.0,,nan,nan,0.5133955199999036,board.processor.cores.generator has encountered the exit state and will terminate the simulation.,m5out/chi-rni-ddr4-memory-sweep/runs/linear-read-gem5-2GiBps
linear-read-gem5-4GiBps,True,gem5,linear-read,4GiB/s,4294967296.0,4.294967296,4249600000.0,4.2496,4249600000.0,0.0,54035.56551204819,54035.565512,nan,84992.0,0.0,1328.0,0.0,1332.0,4.0,192183.0,1331.0,0.022161,0.011081,1328.0,0.028623,20000000.0,0.06,327166250.0,7755.5,25979.5,28.54,14925.0,,nan,nan,0.5270456280013605,board.processor.cores.generator has encountered the exit state and will terminate the simulation.,m5out/chi-rni-ddr4-memory-sweep/runs/linear-read-gem5-4GiBps
linear-read-gem5-8GiBps,True,gem5,linear-read,8GiB/s,8589934592.0,8.589934592,8374399999.999999,8.3744,8374399999.999999,0.0,65646.32174245319,65646.321742,nan,167488.0,0.0,2617.0,0.0,2625.0,20.0,500366.0,2624.0,0.04369,0.021845,2617.0,0.065314,20000000.0,0.08,260678024.0,19199.38,37423.38,56.26,14925.0,,nan,nan,0.5415383309991739,board.processor.cores.generator has encountered the exit state and will terminate the simulation.,m5out/chi-rni-ddr4-memory-sweep/runs/linear-read-gem5-8GiBps
linear-read-gem5-12GiBps,True,gem5,linear-read,12GiB/s,12884901888.0,12.884901888,8801572777.410229,8.801572777410229,8801572777.410229,0.0,122617.0261627907,122617.026163,nan,176128.0,0.0,2752.0,0.0,2769.0,2737.0,19510752.0,2768.0,0.046062,0.023031,2753.0,0.068584,20010969.0,0.08,258710119.0,69538.28,87762.28,59.27,14925.0,,nan,nan,0.5394192030016711,board.processor.cores.generator has encountered the exit state and will terminate the simulation.,m5out/chi-rni-ddr4-memory-sweep/runs/linear-read-gem5-12GiBps
linear-read-gem5-16GiBps,True,gem5,linear-read,16GiB/s,17179869184.0,17.179869184,8801572777.410229,8.801572777410229,8801572777.410229,0.0,122906.49781976744,122906.49782,nan,176128.0,0.0,2752.0,0.0,2769.0,2753.0,19947644.0,2768.0,0.046062,0.023031,2753.0,0.068584,20010969.0,0.07,266827151.0,69669.15,87893.15,59.27,14925.0,,nan,nan,0.5304246559990133,board.processor.cores.generator has encountered the exit state and will terminate the simulation.,m5out/chi-rni-ddr4-memory-sweep/runs/linear-read-gem5-16GiBps
linear-read-gem5-20GiBps,True,gem5,linear-read,20GiB/s,21474836480.0,21.47483648,8801572777.410229,8.801572777410229,8801572777.410229,0.0,122947.9167877907,122947.916788,nan,176128.0,0.0,2752.0,0.0,2769.0,2753.0,19960309.0,2768.0,0.046062,0.023031,2753.0,0.068584,20010969.0,0.08,258733534.0,69705.87,87929.87,59.27,14925.0,,nan,nan,0.5367598249995353,board.processor.cores.generator has encountered the exit state and will terminate the simulation.,m5out/chi-rni-ddr4-memory-sweep/runs/linear-read-gem5-20GiBps
linear-read-gem5-24GiBps,True,gem5,linear-read,24GiB/s,25769803776.0,25.769803776,8801572777.410229,8.801572777410229,8801572777.410229,0.0,122975.49236918605,122975.492369,nan,176128.0,0.0,2752.0,0.0,2769.0,2753.0,19968741.0,2768.0,0.046062,0.023031,2753.0,0.068584,20010969.0,0.08,261981972.0,69730.19,87954.19,59.27,14925.0,,nan,nan,0.5330831459996261,board.processor.cores.generator has encountered the exit state and will terminate the simulation.,m5out/chi-rni-ddr4-memory-sweep/runs/linear-read-gem5-24GiBps
linear-read-gem5-28GiBps,True,gem5,linear-read,28GiB/s,30064771072.0,30.064771072,8801572777.410229,8.801572777410229,8801572777.410229,0.0,122995.22892441861,122995.228924,nan,176128.0,0.0,2752.0,0.0,2769.0,2753.0,19974776.0,2768.0,0.046062,0.023031,2753.0,0.068584,20010969.0,0.08,263725573.0,69747.64,87971.64,59.27,14925.0,,nan,nan,0.5347576569984085,board.processor.cores.generator has encountered the exit state and will terminate the simulation.,m5out/chi-rni-ddr4-memory-sweep/runs/linear-read-gem5-28GiBps
linear-read-gem5-32GiBps,True,gem5,linear-read,32GiB/s,34359738368.0,34.359738368,8801572777.410229,8.801572777410229,8801572777.410229,0.0,123010.01744186046,123010.017442,nan,176128.0,0.0,2752.0,0.0,2769.0,2753.0,19979298.0,2768.0,0.046062,0.023031,2753.0,0.068584,20010969.0,0.08,241617090.0,69760.77,87984.77,59.27,14925.0,,nan,nan,0.5553011629999673,board.processor.cores.generator has encountered the exit state and will terminate the simulation.,m5out/chi-rni-ddr4-memory-sweep/runs/linear-read-gem5-32GiBps
linear-read-dramsys-1GiBps,True,dramsys,linear-read,1GiB/s,1073741824.0,1.073741824,1072000000.0,1.072,1072000000.0,0.0,33064.43880597015,33064.438806,nan,21440.0,0.0,335.0,0.0,335.0,0.0,0.0,335.0,0.005578,0.002789,335.0,0.008376,20000000.0,0.06,346128552.0,nan,nan,nan,nan,DDR4,1.07,14.93,0.5428076460011653,board.processor.cores.generator has encountered the exit state and will terminate the simulation.,m5out/chi-rni-ddr4-memory-sweep/runs/linear-read-dramsys-1GiBps
linear-read-dramsys-2GiBps,True,dramsys,linear-read,2GiB/s,2147483648.0,2.147483648,2144000000.0,2.144,2144000000.0,0.0,33160.86417910448,33160.864179,nan,42880.0,0.0,670.0,0.0,671.0,0.0,0.0,670.0,0.012223,0.006112,670.0,0.016812,20000000.0,0.06,308956653.0,nan,nan,nan,nan,DDR4,2.14,14.93,0.559392752000349,board.processor.cores.generator has encountered the exit state and will terminate the simulation.,m5out/chi-rni-ddr4-memory-sweep/runs/linear-read-dramsys-2GiBps
linear-read-dramsys-4GiBps,True,dramsys,linear-read,4GiB/s,4294967296.0,4.294967296,4259200000.0,4.2592,4259200000.0,0.0,33936.35086401202,33936.350864,nan,85184.0,0.0,1331.0,0.0,1333.0,4.0,162132.0,1333.0,0.059468,0.029734,1332.0,0.033442,20000000.0,0.07,276460749.0,nan,nan,nan,nan,DDR4,4.26,14.93,0.5600773879996268,board.processor.cores.generator has encountered the exit state and will terminate the simulation.,m5out/chi-rni-ddr4-memory-sweep/runs/linear-read-dramsys-4GiBps
linear-read-dramsys-8GiBps,True,dramsys,linear-read,8GiB/s,8589934592.0,8.589934592,8409599999.999999,8.4096,8409599999.999999,0.0,33713.583713850836,33713.583714,nan,168192.0,0.0,2628.0,0.0,2632.0,6.0,408372.0,2631.0,0.099627,0.049814,2628.0,0.06598,20000000.0,0.09,211112988.0,nan,nan,nan,nan,DDR4,8.41,14.93,0.5738500649986236,board.processor.cores.generator has encountered the exit state and will terminate the simulation.,m5out/chi-rni-ddr4-memory-sweep/runs/linear-read-dramsys-8GiBps
linear-read-dramsys-12GiBps,True,dramsys,linear-read,12GiB/s,12884901888.0,12.884901888,11065600000.0,11.0656,11065600000.0,0.0,96984.8961827646,96984.896183,nan,221312.0,0.0,3458.0,0.0,3474.0,3361.0,19040126.0,3471.0,1.869299,0.934649,3458.0,0.086277,20000000.0,0.12,171197699.0,nan,nan,nan,nan,DDR4,11.07,14.93,0.6051120470001479,board.processor.cores.generator has encountered the exit state and will terminate the simulation.,m5out/chi-rni-ddr4-memory-sweep/runs/linear-read-dramsys-12GiBps
linear-read-dramsys-16GiBps,True,dramsys,linear-read,16GiB/s,17179869184.0,17.179869184,11064137321.046158,11.064137321046157,11064137321.046158,0.0,97754.81839213418,97754.818392,nan,221312.0,0.0,3458.0,0.0,3475.0,3447.0,19801327.0,3471.0,1.904708,0.952354,3459.0,0.086287,20002644.0,0.11,176676830.0,nan,nan,nan,nan,DDR4,11.07,14.93,0.5979393779998645,board.processor.cores.generator has encountered the exit state and will terminate the simulation.,m5out/chi-rni-ddr4-memory-sweep/runs/linear-read-dramsys-16GiBps
linear-read-dramsys-20GiBps,True,dramsys,linear-read,20GiB/s,21474836480.0,21.47483648,11064689929.253319,11.06468992925332,11064689929.253319,0.0,97832.62724117987,97832.627241,nan,221312.0,0.0,3458.0,0.0,3475.0,3456.0,19891946.0,3471.0,1.908228,0.954114,3459.0,0.086313,20001645.0,0.11,179651191.0,nan,nan,nan,nan,DDR4,11.07,14.93,0.5870614389987168,board.processor.cores.generator has encountered the exit state and will terminate the simulation.,m5out/chi-rni-ddr4-memory-sweep/runs/linear-read-dramsys-20GiBps
linear-read-dramsys-24GiBps,True,dramsys,linear-read,24GiB/s,25769803776.0,25.769803776,11064689929.253319,11.06468992925332,11064689929.253319,0.0,97865.20936957779,97865.20937,nan,221312.0,0.0,3458.0,0.0,3475.0,3459.0,19925586.0,3471.0,1.909649,0.954824,3459.0,0.086313,20001645.0,0.11,178571767.0,nan,nan,nan,nan,DDR4,11.07,14.93,0.6014976110000134,board.processor.cores.generator has encountered the exit state and will terminate the simulation.,m5out/chi-rni-ddr4-memory-sweep/runs/linear-read-dramsys-24GiBps
linear-read-dramsys-28GiBps,True,dramsys,linear-read,28GiB/s,30064771072.0,30.064771072,11064689929.253319,11.06468992925332,11064689929.253319,0.0,97883.91324465009,97883.913245,nan,221312.0,0.0,3458.0,0.0,3475.0,3459.0,19942339.0,3471.0,1.910369,0.955184,3459.0,0.086313,20001645.0,0.11,178707382.0,nan,nan,nan,nan,DDR4,11.07,14.93,0.5953540350001276,board.processor.cores.generator has encountered the exit state and will terminate the simulation.,m5out/chi-rni-ddr4-memory-sweep/runs/linear-read-dramsys-28GiBps
linear-read-dramsys-32GiBps,True,dramsys,linear-read,32GiB/s,34359738368.0,34.359738368,11065242592.664257,11.065242592664257,11065242592.664257,0.0,97892.44360902255,97892.443609,nan,221312.0,0.0,3458.0,0.0,3475.0,3459.0,19953576.0,3471.0,1.91085,0.955425,3459.0,0.086322,20000646.0,0.12,171645478.0,nan,nan,nan,nan,DDR4,11.07,14.93,0.5964854630001355,board.processor.cores.generator has encountered the exit state and will terminate the simulation.,m5out/chi-rni-ddr4-memory-sweep/runs/linear-read-dramsys-32GiBps
linear-write-gem5-1GiBps,True,gem5,linear-write,1GiB/s,1073741824.0,1.073741824,1072000000.0,1.072,0.0,1072000000.0,4162.026865671642,nan,4162.026866,0.0,21440.0,0.0,335.0,335.0,0.0,0.0,335.0,0.005578,0.002789,335.0,0.010988,20000000.0,0.05,382914361.0,nan,nan,6.11,14925.0,,nan,nan,0.5277166169998964,board.processor.cores.generator has encountered the exit state and will terminate the simulation.,m5out/chi-rni-ddr4-memory-sweep/runs/linear-write-gem5-1GiBps
linear-write-gem5-2GiBps,True,gem5,linear-write,2GiB/s,2147483648.0,2.147483648,2144000000.0,2.144,0.0,2144000000.0,4161.534328358209,nan,4161.534328,0.0,42880.0,0.0,670.0,671.0,0.0,0.0,670.0,0.011155,0.005578,670.0,0.021976,20000000.0,0.06,338100551.0,nan,nan,13.12,14925.0,,nan,nan,0.5406635930012271,board.processor.cores.generator has encountered the exit state and will terminate the simulation.,m5out/chi-rni-ddr4-memory-sweep/runs/linear-write-gem5-2GiBps
linear-write-gem5-4GiBps,True,gem5,linear-write,4GiB/s,4294967296.0,4.294967296,4291200000.0,4.2912,0.0,4291200000.0,4161.724832214765,nan,4161.724832,0.0,85824.0,0.0,1341.0,1342.0,0.0,0.0,1341.0,0.022328,0.011164,1340.0,0.043952,20000000.0,0.07,283994093.0,nan,nan,27.53,14925.0,,nan,nan,0.5428870010000537,board.processor.cores.generator has encountered the exit state and will terminate the simulation.,m5out/chi-rni-ddr4-memory-sweep/runs/linear-write-gem5-4GiBps
linear-write-gem5-8GiBps,True,gem5,linear-write,8GiB/s,8589934592.0,8.589934592,8585599999.999999,8.5856,0.0,8585599999.999999,4163.149832277301,nan,4163.149832,0.0,171712.0,0.0,2683.0,2684.0,0.0,0.0,2682.0,0.044655,0.022328,2681.0,0.087937,20000000.0,0.09,213301480.0,nan,nan,56.28,14925.0,,nan,nan,0.566714618998958,board.processor.cores.generator has encountered the exit state and will terminate the simulation.,m5out/chi-rni-ddr4-memory-sweep/runs/linear-write-gem5-8GiBps
linear-write-gem5-12GiBps,True,gem5,linear-write,12GiB/s,12884901888.0,12.884901888,12879999999.999998,12.879999999999997,0.0,12879999999.999998,5814.299875776397,nan,5814.299876,0.0,257600.0,0.0,4025.0,4026.0,0.0,0.0,4023.0,0.148095,0.074047,4021.0,0.130247,20000000.0,0.12,167099733.0,nan,nan,84.65,14925.0,,nan,nan,0.6025232530009816,board.processor.cores.generator has encountered the exit state and will terminate the simulation.,m5out/chi-rni-ddr4-memory-sweep/runs/linear-write-gem5-12GiBps
linear-write-gem5-16GiBps,True,gem5,linear-write,16GiB/s,17179869184.0,17.179869184,14601599999.999998,14.601599999999998,0.0,14601599999.999998,25021.658996274382,nan,25021.658996,0.0,292032.0,0.0,4563.0,4565.0,31.0,3100901.0,4465.0,1.807566,0.903783,4462.0,0.113152,20000000.0,0.15,135763500.0,nan,nan,92.99,14925.0,,nan,nan,0.6178253660000337,board.processor.cores.generator has encountered the exit state and will terminate the simulation.,m5out/chi-rni-ddr4-memory-sweep/runs/linear-write-gem5-16GiBps
linear-write-gem5-20GiBps,True,gem5,linear-write,20GiB/s,21474836480.0,21.47483648,15078399999.999998,15.078399999999998,0.0,15078399999.999998,51761.60823429542,nan,51761.608234,0.0,301568.0,0.0,4712.0,4722.0,362.0,6934147.0,4471.0,1.81783,0.908915,4469.0,0.113015,20000000.0,0.15,134686484.0,nan,nan,93.12,14925.0,,nan,nan,0.6183344180008135,board.processor.cores.generator has encountered the exit state and will terminate the simulation.,m5out/chi-rni-ddr4-memory-sweep/runs/linear-write-gem5-20GiBps
linear-write-gem5-24GiBps,True,gem5,linear-write,24GiB/s,25769803776.0,25.769803776,15112860225.491962,15.112860225491962,0.0,15112860225.491962,55273.04827440187,nan,55273.048274,0.0,302272.0,0.0,4723.0,4740.0,390.0,9142938.0,4475.0,1.81789,0.908945,4472.0,0.113192,20000979.0,0.15,134717572.0,nan,nan,93.2,14925.0,,nan,nan,0.6194383390011353,board.processor.cores.generator has encountered the exit state and will terminate the simulation.,m5out/chi-rni-ddr4-memory-sweep/runs/linear-write-gem5-24GiBps
linear-write-gem5-28GiBps,True,gem5,linear-write,28GiB/s,30064771072.0,30.064771072,15094715994.927319,15.094715994927318,0.0,15094715994.927319,57971.03813559322,nan,57971.038136,0.0,302080.0,0.0,4720.0,4737.0,393.0,10715692.0,4499.0,1.808894,0.904447,4497.0,0.113798,20012301.0,0.15,132660062.0,nan,nan,93.66,14925.0,,nan,nan,0.6174170989997947,board.processor.cores.generator has encountered the exit state and will terminate the simulation.,m5out/chi-rni-ddr4-memory-sweep/runs/linear-write-gem5-28GiBps
linear-write-gem5-32GiBps,True,gem5,linear-write,32GiB/s,34359738368.0,34.359738368,15167999999.999998,15.167999999999997,0.0,15167999999.999998,59675.68776371308,nan,59675.687764,0.0,303360.0,0.0,4740.0,4748.0,416.0,11893302.0,4485.0,1.814054,0.907027,4483.0,0.113604,20000000.0,0.15,135235648.0,nan,nan,93.42,14925.0,,nan,nan,0.6053505200015934,board.processor.cores.generator has encountered the exit state and will terminate the simulation.,m5out/chi-rni-ddr4-memory-sweep/runs/linear-write-gem5-32GiBps
linear-write-dramsys-1GiBps,True,dramsys,linear-write,1GiB/s,1073741824.0,1.073741824,1072000000.0,1.072,0.0,1072000000.0,4162.026865671642,nan,4162.026866,0.0,21440.0,0.0,335.0,335.0,0.0,0.0,335.0,0.005578,0.002789,335.0,0.00825,20000000.0,0.06,337832131.0,nan,nan,nan,nan,DDR4,1.07,14.93,0.5291841939997539,board.processor.cores.generator has encountered the exit state and will terminate the simulation.,m5out/chi-rni-ddr4-memory-sweep/runs/linear-write-dramsys-1GiBps
linear-write-dramsys-2GiBps,True,dramsys,linear-write,2GiB/s,2147483648.0,2.147483648,2144000000.0,2.144,0.0,2144000000.0,4161.534328358209,nan,4161.534328,0.0,42880.0,0.0,670.0,671.0,0.0,0.0,670.0,0.013834,0.006917,670.0,0.016523,20000000.0,0.06,312700324.0,nan,nan,nan,nan,DDR4,2.14,14.93,0.5397593340003368,board.processor.cores.generator has encountered the exit state and will terminate the simulation.,m5out/chi-rni-ddr4-memory-sweep/runs/linear-write-dramsys-2GiBps
linear-write-dramsys-4GiBps,True,dramsys,linear-write,4GiB/s,4294967296.0,4.294967296,4291200000.0,4.2912,0.0,4291200000.0,4161.724832214765,nan,4161.724832,0.0,85824.0,0.0,1341.0,1342.0,0.0,0.0,1341.0,0.072447,0.036224,1340.0,0.033042,20000000.0,0.08,258187780.0,nan,nan,nan,nan,DDR4,4.29,14.93,0.5680586230009794,board.processor.cores.generator has encountered the exit state and will terminate the simulation.,m5out/chi-rni-ddr4-memory-sweep/runs/linear-write-dramsys-4GiBps
linear-write-dramsys-8GiBps,True,dramsys,linear-write,8GiB/s,8589934592.0,8.589934592,8585599999.999999,8.5856,0.0,8585599999.999999,4163.149832277301,nan,4163.149832,0.0,171712.0,0.0,2683.0,2684.0,0.0,0.0,2682.0,0.249548,0.124774,2680.0,0.066262,20000000.0,0.12,171114210.0,nan,nan,nan,nan,DDR4,8.58,14.93,0.5884289990008256,board.processor.cores.generator has encountered the exit state and will terminate the simulation.,m5out/chi-rni-ddr4-memory-sweep/runs/linear-write-dramsys-8GiBps
linear-write-dramsys-12GiBps,True,dramsys,linear-write,12GiB/s,12884901888.0,12.884901888,11129600000.0,11.1296,0.0,11129600000.0,19826.239217941347,nan,19826.239218,0.0,222592.0,0.0,3478.0,3479.0,2.0,2727871.0,3352.0,1.861862,0.930931,3340.0,0.083455,20000000.0,0.15,134396860.0,nan,nan,nan,nan,DDR4,10.69,14.93,0.6176343709994399,board.processor.cores.generator has encountered the exit state and will terminate the simulation.,m5out/chi-rni-ddr4-memory-sweep/runs/linear-write-dramsys-12GiBps
linear-write-dramsys-16GiBps,True,dramsys,linear-write,16GiB/s,17179869184.0,17.179869184,11356800000.0,11.3568,0.0,11356800000.0,48222.776838546066,nan,48222.776839,0.0,227136.0,0.0,3549.0,3551.0,56.0,6957721.0,3332.0,1.897104,0.948552,3320.0,0.08263,20000000.0,0.17,120880250.0,nan,nan,nan,nan,DDR4,10.62,14.93,0.6443675179998536,board.processor.cores.generator has encountered the exit state and will terminate the simulation.,m5out/chi-rni-ddr4-memory-sweep/runs/linear-write-dramsys-16GiBps
linear-write-dramsys-20GiBps,True,dramsys,linear-write,20GiB/s,21474836480.0,21.47483648,11110400000.0,11.1104,0.0,11110400000.0,77980.48991935483,nan,77980.489919,0.0,222208.0,0.0,3472.0,3482.0,296.0,10423882.0,3351.0,1.89215,0.946075,3339.0,0.083308,20000000.0,0.15,130476762.0,nan,nan,nan,nan,DDR4,10.68,14.93,0.6295522620002885,board.processor.cores.generator has encountered the exit state and will terminate the simulation.,m5out/chi-rni-ddr4-memory-sweep/runs/linear-write-dramsys-20GiBps
linear-write-dramsys-24GiBps,True,dramsys,linear-write,24GiB/s,25769803776.0,25.769803776,11094400000.0,11.0944,0.0,11094400000.0,81885.99307758869,nan,81885.993078,0.0,221888.0,0.0,3467.0,3473.0,324.0,12123135.0,3337.0,1.892048,0.946024,3328.0,0.083159,20000000.0,0.17,120291346.0,nan,nan,nan,nan,DDR4,10.65,14.93,0.635693498999899,board.processor.cores.generator has encountered the exit state and will terminate the simulation.,m5out/chi-rni-ddr4-memory-sweep/runs/linear-write-dramsys-24GiBps
linear-write-dramsys-28GiBps,True,dramsys,linear-write,28GiB/s,30064771072.0,30.064771072,10985600000.0,10.9856,0.0,10985600000.0,85054.183221672,nan,85054.183222,0.0,219712.0,0.0,3433.0,3445.0,306.0,13278679.0,3341.0,1.899458,0.949729,3329.0,0.083053,20000000.0,0.15,131216376.0,nan,nan,nan,nan,DDR4,10.65,14.93,0.6269049509992328,board.processor.cores.generator has encountered the exit state and will terminate the simulation.,m5out/chi-rni-ddr4-memory-sweep/runs/linear-write-dramsys-28GiBps
linear-write-dramsys-32GiBps,True,dramsys,linear-write,32GiB/s,34359738368.0,34.359738368,11007263440.748192,11.007263440748192,0.0,11007263440.748192,86940.80389308541,nan,86940.803893,0.0,220288.0,0.0,3442.0,3459.0,338.0,14160177.0,3321.0,1.90137,0.950685,3309.0,0.082676,20012967.0,0.16,127851424.0,nan,nan,nan,nan,DDR4,10.58,14.93,0.6258535939996364,board.processor.cores.generator has encountered the exit state and will terminate the simulation.,m5out/chi-rni-ddr4-memory-sweep/runs/linear-write-dramsys-32GiBps
linear-mixed-gem5-1GiBps,True,gem5,linear-mixed,1GiB/s,1073741824.0,1.073741824,1068800000.0,1.0688,464000000.0,604800000.0,24232.239520958083,50393.696552,4161.280423,9280.0,12096.0,145.0,189.0,335.0,0.0,0.0,335.0,0.005578,0.002789,334.0,0.009174,20000000.0,0.05,375389467.0,4236.05,22460.05,5.83,14925.0,,nan,nan,0.5374779789999593,board.processor.cores.generator has encountered the exit state and will terminate the simulation.,m5out/chi-rni-ddr4-memory-sweep/runs/linear-mixed-gem5-1GiBps
linear-mixed-gem5-2GiBps,True,gem5,linear-mixed,2GiB/s,2147483648.0,2.147483648,2144000000.0,2.144,1033600000.0,1110400000.0,30281.65671641791,58334.736842,4168.847262,20672.0,22208.0,323.0,347.0,671.0,0.0,0.0,670.0,0.011155,0.005578,670.0,0.018133,20000000.0,0.06,351339482.0,12204.9,30428.9,13.06,14925.0,,nan,nan,0.5341677260003053,board.processor.cores.generator has encountered the exit state and will terminate the simulation.,m5out/chi-rni-ddr4-memory-sweep/runs/linear-mixed-gem5-2GiBps
linear-mixed-gem5-4GiBps,True,gem5,linear-mixed,4GiB/s,4294967296.0,4.294967296,4275200000.0,4.2752,2044800000.0,2230400000.0,34155.81362275449,66819.859155,4209.866571,40896.0,44608.0,639.0,697.0,1342.0,0.0,0.0,1341.0,0.022328,0.011164,1336.0,0.03679,20000000.0,0.07,288001843.0,20799.26,39023.26,27.72,14925.0,,nan,nan,0.548372446999565,board.processor.cores.generator has encountered the exit state and will terminate the simulation.,m5out/chi-rni-ddr4-memory-sweep/runs/linear-mixed-gem5-4GiBps
linear-mixed-gem5-8GiBps,True,gem5,linear-mixed,8GiB/s,8589934592.0,8.589934592,8505600000.0,8.5056,4179200000.0,4326400000.0,50112.30850263356,97120.700613,4703.314349,83584.0,86528.0,1306.0,1352.0,2663.0,6.0,182053.0,2662.0,0.044322,0.022161,2656.0,0.07531,20000000.0,0.09,223876420.0,49870.54,68094.54,55.83,14925.0,,nan,nan,0.5676790739998978,board.processor.cores.generator has encountered the exit state and will terminate the simulation.,m5out/chi-rni-ddr4-memory-sweep/runs/linear-mixed-gem5-8GiBps
linear-mixed-gem5-12GiBps,True,gem5,linear-mixed,12GiB/s,12884901888.0,12.884901888,10352205240.384153,10.352205240384153,5097749506.695193,5254455733.68896,82756.1767068273,160456.03325,7373.601339,102016.0,105152.0,1594.0,1643.0,3254.0,499.0,5367012.0,3253.0,0.141837,0.070919,3238.0,0.092977,20011968.0,0.1,193359821.0,108522.6,126746.6,67.05,14925.0,,nan,nan,0.5708063849997416,board.processor.cores.generator has encountered the exit state and will terminate the simulation.,m5out/chi-rni-ddr4-memory-sweep/runs/linear-mixed-gem5-12GiBps
linear-mixed-gem5-16GiBps,True,gem5,linear-mixed,16GiB/s,17179869184.0,17.179869184,10416000000.0,10.416,5142400000.0,5273600000.0,93549.42273425499,179481.621655,9755.100121,102848.0,105472.0,1607.0,1648.0,3271.0,958.0,10245104.0,3268.0,0.219086,0.109543,3254.0,0.093236,20000000.0,0.1,191189966.0,123290.26,141514.26,67.69,14925.0,,nan,nan,0.5815450259997306,board.processor.cores.generator has encountered the exit state and will terminate the simulation.,m5out/chi-rni-ddr4-memory-sweep/runs/linear-mixed-gem5-16GiBps
linear-mixed-gem5-20GiBps,True,gem5,linear-mixed,20GiB/s,21474836480.0,21.47483648,10455490009.393354,10.455490009393355,5160763525.075792,5294726484.317562,98680.97589993899,187697.149567,11917.018675,103552.0,106240.0,1618.0,1660.0,3295.0,1705.0,13839857.0,3294.0,0.245162,0.122581,3279.0,0.093646,20065248.0,0.1,194861205.0,126247.27,144471.27,68.04,14925.0,,nan,nan,0.568446130000666,board.processor.cores.generator has encountered the exit state and will terminate the simulation.,m5out/chi-rni-ddr4-memory-sweep/runs/linear-mixed-gem5-20GiBps
linear-mixed-gem5-24GiBps,True,gem5,linear-mixed,24GiB/s,25769803776.0,25.769803776,10401998049.125423,10.401998049125423,5135406603.766934,5266591445.358489,101745.65333743463,192455.13271,13295.644593,102720.0,105344.0,1605.0,1646.0,3268.0,2380.0,16499430.0,3266.0,0.252052,0.126026,3251.0,0.093035,20002311.0,0.1,196014611.0,128554.87,146778.87,67.49,14925.0,,nan,nan,0.5734175579982548,board.processor.cores.generator has encountered the exit state and will terminate the simulation.,m5out/chi-rni-ddr4-memory-sweep/runs/linear-mixed-gem5-24GiBps
linear-mixed-gem5-28GiBps,True,gem5,linear-mixed,28GiB/s,30064771072.0,30.064771072,10452844094.156586,10.452844094156585,5160831810.185055,5292012283.971531,102441.47750229569,192500.813391,14614.567715,103232.0,105856.0,1613.0,1654.0,3284.0,2644.0,17779314.0,3276.0,0.2765,0.13825,3265.0,0.093375,20002977.0,0.1,192846247.0,128531.37,146755.37,67.83,14925.0,,nan,nan,0.5741121329992893,board.processor.cores.generator has encountered the exit state and will terminate the simulation.,m5out/chi-rni-ddr4-memory-sweep/runs/linear-mixed-gem5-28GiBps
linear-mixed-gem5-32GiBps,True,gem5,linear-mixed,32GiB/s,34359738368.0,34.359738368,10374962621.453777,10.374962621453777,5120443090.711341,5254519530.742435,103296.34553846154,194343.841022,14572.054678,102656.0,105344.0,1604.0,1646.0,3267.0,2691.0,18448074.0,3266.0,0.242238,0.121119,3251.0,0.092522,20048265.0,0.1,194059288.0,129523.82,147747.82,67.46,14925.0,,nan,nan,0.575888544000918,board.processor.cores.generator has encountered the exit state and will terminate the simulation.,m5out/chi-rni-ddr4-memory-sweep/runs/linear-mixed-gem5-32GiBps
linear-mixed-dramsys-1GiBps,True,dramsys,linear-mixed,1GiB/s,1073741824.0,1.073741824,1072000000.0,1.072,467200000.0,604800000.0,15622.197014925374,30458.589041,4161.280423,9344.0,12096.0,146.0,189.0,335.0,0.0,0.0,335.0,0.005578,0.002789,335.0,0.008393,20000000.0,0.06,359376123.0,nan,nan,nan,nan,DDR4,1.07,14.93,0.5387605980013177,board.processor.cores.generator has encountered the exit state and will terminate the simulation.,m5out/chi-rni-ddr4-memory-sweep/runs/linear-mixed-dramsys-1GiBps
linear-mixed-dramsys-2GiBps,True,dramsys,linear-mixed,2GiB/s,2147483648.0,2.147483648,2144000000.0,2.144,1033600000.0,1110400000.0,20190.762686567163,37384.603715,4186.121037,20672.0,22208.0,323.0,347.0,671.0,0.0,0.0,670.0,0.013605,0.006802,670.0,0.016669,20000000.0,0.06,318030754.0,nan,nan,nan,nan,DDR4,2.14,14.93,0.5485490600003686,board.processor.cores.generator has encountered the exit state and will terminate the simulation.,m5out/chi-rni-ddr4-memory-sweep/runs/linear-mixed-dramsys-2GiBps
linear-mixed-dramsys-4GiBps,True,dramsys,linear-mixed,4GiB/s,4294967296.0,4.294967296,4275200000.0,4.2752,2044800000.0,2230400000.0,29595.056886227543,57178.399061,4307.028694,40896.0,44608.0,639.0,697.0,1336.0,2.0,97563.0,1335.0,0.095869,0.047934,1334.0,0.033118,20000000.0,0.08,243433384.0,nan,nan,nan,nan,DDR4,4.27,14.93,0.5629941460010741,board.processor.cores.generator has encountered the exit state and will terminate the simulation.,m5out/chi-rni-ddr4-memory-sweep/runs/linear-mixed-dramsys-4GiBps
linear-mixed-dramsys-8GiBps,True,dramsys,linear-mixed,8GiB/s,8589934592.0,8.589934592,5670400000.0,5.6704,2691200000.0,2979200000.0,171771.28781038374,350317.543401,10485.142857,53824.0,59584.0,841.0,931.0,1783.0,530.0,9305736.0,1770.0,1.934645,0.967322,1761.0,0.0437,20000000.0,0.1,210419998.0,nan,nan,nan,nan,DDR4,5.64,14.93,0.5768285969988938,board.processor.cores.generator has encountered the exit state and will terminate the simulation.,m5out/chi-rni-ddr4-memory-sweep/runs/linear-mixed-dramsys-8GiBps
linear-mixed-dramsys-12GiBps,True,dramsys,linear-mixed,12GiB/s,12884901888.0,12.884901888,5500331642.92762,5.50033164292762,2606428931.840266,2893902711.087354,186047.97851335656,376966.772059,14094.628035,52224.0,57984.0,816.0,906.0,1739.0,743.0,14074113.0,1730.0,1.947582,0.973791,1719.0,0.042741,20036610.0,0.1,209395222.0,nan,nan,nan,nan,DDR4,5.49,14.93,0.5711183450002864,board.processor.cores.generator has encountered the exit state and will terminate the simulation.,m5out/chi-rni-ddr4-memory-sweep/runs/linear-mixed-dramsys-12GiBps
linear-mixed-dramsys-16GiBps,True,dramsys,linear-mixed,16GiB/s,17179869184.0,17.179869184,5648000000.0,5.648,2684800000.0,2963200000.0,185592.01586402266,372577.952324,16173.87257,53696.0,59264.0,839.0,926.0,1778.0,920.0,16080626.0,1764.0,1.949267,0.974633,1752.0,0.043869,20000000.0,0.1,204773265.0,nan,nan,nan,nan,DDR4,5.61,14.93,0.5748794290011574,board.processor.cores.generator has encountered the exit state and will terminate the simulation.,m5out/chi-rni-ddr4-memory-sweep/runs/linear-mixed-dramsys-16GiBps
linear-mixed-dramsys-20GiBps,True,dramsys,linear-mixed,20GiB/s,21474836480.0,21.47483648,6011590020.090485,6.011590020090485,2843060885.29757,3168529134.792914,174664.99893842888,351884.628507,15649.198389,57024.0,63552.0,891.0,993.0,1901.0,1119.0,16865518.0,1892.0,1.946847,0.973424,1880.0,0.046583,20057256.0,0.1,204761990.0,nan,nan,nan,nan,DDR4,6.0,14.93,0.5636187649997737,board.processor.cores.generator has encountered the exit state and will terminate the simulation.,m5out/chi-rni-ddr4-memory-sweep/runs/linear-mixed-dramsys-20GiBps
linear-mixed-dramsys-24GiBps,True,dramsys,linear-mixed,24GiB/s,25769803776.0,25.769803776,6210792572.007277,6.210792572007277,2956606046.64334,3254186525.363936,171232.7805255023,340276.827922,17647.038348,59136.0,65088.0,924.0,1017.0,1958.0,1190.0,17412489.0,1948.0,1.944307,0.972153,1937.0,0.048439,20001312.0,0.1,196451455.0,nan,nan,nan,nan,DDR4,6.2,14.93,0.5837248100015131,board.processor.cores.generator has encountered the exit state and will terminate the simulation.,m5out/chi-rni-ddr4-memory-sweep/runs/linear-mixed-dramsys-24GiBps
linear-mixed-dramsys-28GiBps,True,dramsys,linear-mixed,28GiB/s,30064771072.0,30.064771072,6242166921.374512,6.242166921374512,2972308083.012261,3269858838.362251,171221.23321373656,339600.875135,18163.809198,59456.0,65408.0,929.0,1022.0,1968.0,1305.0,17989750.0,1957.0,1.944471,0.972236,1944.0,0.048533,20003310.0,0.1,197440704.0,nan,nan,nan,nan,DDR4,6.22,14.93,0.5855095309998433,board.processor.cores.generator has encountered the exit state and will terminate the simulation.,m5out/chi-rni-ddr4-memory-sweep/runs/linear-mixed-dramsys-28GiBps
linear-mixed-dramsys-32GiBps,True,dramsys,linear-mixed,32GiB/s,34359738368.0,34.359738368,6181610875.681786,6.181610875681786,2935865837.08091,3245745038.600875,173072.85219638242,344201.90642,18281.906496,58816.0,65024.0,919.0,1016.0,1952.0,1472.0,18610902.0,1946.0,1.944982,0.972491,1934.0,0.047963,20033613.0,0.1,198309408.0,nan,nan,nan,nan,DDR4,6.18,14.93,0.5784576389996801,board.processor.cores.generator has encountered the exit state and will terminate the simulation.,m5out/chi-rni-ddr4-memory-sweep/runs/linear-mixed-dramsys-32GiBps
random-read-gem5-1GiBps,True,gem5,random-read,1GiB/s,1073741824.0,1.073741824,1068800000.0,1.0688,1068800000.0,0.0,76755.5119760479,76755.511976,nan,21376.0,0.0,334.0,0.0,335.0,0.0,0.0,335.0,0.005578,0.002789,334.0,0.008333,20000000.0,0.05,394944708.0,30532.07,48756.07,7.18,14925.0,,nan,nan,0.5219984810009919,board.processor.cores.generator has encountered the exit state and will terminate the simulation.,m5out/chi-rni-ddr4-memory-sweep/runs/random-read-gem5-1GiBps
random-read-gem5-2GiBps,True,gem5,random-read,2GiB/s,2147483648.0,2.147483648,2137600000.0,2.1376,2137600000.0,0.0,80433.71706586826,80433.717066,nan,42752.0,0.0,668.0,0.0,671.0,0.0,0.0,670.0,0.011155,0.005578,668.0,0.01693,20000000.0,0.05,368799557.0,34192.14,52416.14,14.37,14925.0,,nan,nan,0.5272641360006673,board.processor.cores.generator has encountered the exit state and will terminate the simulation.,m5out/chi-rni-ddr4-memory-sweep/runs/random-read-gem5-2GiBps
random-read-gem5-4GiBps,True,gem5,random-read,4GiB/s,4294967296.0,4.294967296,4227200000.0,4.2272,4227200000.0,0.0,89720.1355034065,89720.135503,nan,84544.0,0.0,1321.0,0.0,1326.0,4.0,267606.0,1326.0,0.022078,0.011039,1321.0,0.03347,20000000.0,0.06,314070352.0,43242.89,61466.89,28.43,14925.0,,nan,nan,0.5304078339995613,board.processor.cores.generator has encountered the exit state and will terminate the simulation.,m5out/chi-rni-ddr4-memory-sweep/runs/random-read-gem5-4GiBps
random-read-gem5-8GiBps,True,gem5,random-read,8GiB/s,8589934592.0,8.589934592,8251709124.0538,8.2517091240538,8251709124.0538,0.0,107293.62543621559,107293.625436,nan,165056.0,0.0,2579.0,0.0,2596.0,185.0,1261713.0,2595.0,0.043201,0.021601,2580.0,0.064679,20002644.0,0.09,234247684.0,60660.45,78884.45,55.5,14925.0,,nan,nan,0.5619979669991153,board.processor.cores.generator has encountered the exit state and will terminate the simulation.,m5out/chi-rni-ddr4-memory-sweep/runs/random-read-gem5-8GiBps
random-read-gem5-12GiBps,True,gem5,random-read,12GiB/s,12884901888.0,12.884901888,9262004501.130232,9.262004501130232,9262004501.130232,0.0,116147.09015544041,116147.090155,nan,185280.0,0.0,2895.0,0.0,2912.0,2892.0,17811493.0,2911.0,0.048458,0.024229,2896.0,0.072198,20004309.0,0.09,231686885.0,63902.19,82126.19,62.31,14925.0,,nan,nan,0.5469595110007504,board.processor.cores.generator has encountered the exit state and will terminate the simulation.,m5out/chi-rni-ddr4-memory-sweep/runs/random-read-gem5-12GiBps
random-read-gem5-16GiBps,True,gem5,random-read,16GiB/s,17179869184.0,17.179869184,9240070768.28785,9.240070768287849,9240070768.28785,0.0,117176.2413434903,117176.241343,nan,184832.0,0.0,2888.0,0.0,2905.0,2889.0,19939985.0,2904.0,0.048344,0.024172,2889.0,0.071941,20003310.0,0.09,230140017.0,64234.53,82458.53,62.19,14925.0,,nan,nan,0.5589251760011393,board.processor.cores.generator has encountered the exit state and will terminate the simulation.,m5out/chi-rni-ddr4-memory-sweep/runs/random-read-gem5-16GiBps
random-read-gem5-20GiBps,True,gem5,random-read,20GiB/s,21474836480.0,21.47483648,9240532256.49776,9.24053225649776,9240532256.49776,0.0,117209.8292936288,117209.829294,nan,184832.0,0.0,2888.0,0.0,2905.0,2889.0,19951651.0,2904.0,0.048346,0.024173,2889.0,0.071944,20002311.0,0.08,236999822.0,64264.03,82488.03,62.19,14925.0,,nan,nan,0.5486246680011391,board.processor.cores.generator has encountered the exit state and will terminate the simulation.,m5out/chi-rni-ddr4-memory-sweep/runs/random-read-gem5-20GiBps
random-read-gem5-24GiBps,True,gem5,random-read,24GiB/s,25769803776.0,25.769803776,9240686096.145092,9.240686096145092,9240686096.145092,0.0,117234.14612188366,117234.146122,nan,184832.0,0.0,2888.0,0.0,2905.0,2889.0,19959750.0,2904.0,0.048347,0.024173,2889.0,0.071946,20001978.0,0.08,235630638.0,64285.38,82509.38,62.19,14925.0,,nan,nan,0.568558094000764,board.processor.cores.generator has encountered the exit state and will terminate the simulation.,m5out/chi-rni-ddr4-memory-sweep/runs/random-read-gem5-24GiBps
random-read-gem5-28GiBps,True,gem5,random-read,28GiB/s,30064771072.0,30.064771072,9244655321.144224,9.244655321144224,9244655321.144224,0.0,117223.31775700934,117223.317757,nan,184896.0,0.0,2889.0,0.0,2906.0,2890.0,19964120.0,2904.0,0.048351,0.024175,2890.0,0.07193,20000313.0,0.08,236309762.0,64270.94,82494.94,62.2,14925.0,,nan,nan,0.5731719730010809,board.processor.cores.generator has encountered the exit state and will terminate the simulation.,m5out/chi-rni-ddr4-memory-sweep/runs/random-read-gem5-28GiBps
random-read-gem5-32GiBps,True,gem5,random-read,32GiB/s,34359738368.0,34.359738368,9244193580.901093,9.244193580901092,9244193580.901093,0.0,117241.78504672897,117241.785047,nan,184896.0,0.0,2889.0,0.0,2906.0,2890.0,19969641.0,2905.0,0.048365,0.024183,2890.0,0.07211,20001312.0,0.08,239255867.0,64286.26,82510.26,62.19,14925.0,,nan,nan,0.5569313720006903,board.processor.cores.generator has encountered the exit state and will terminate the simulation.,m5out/chi-rni-ddr4-memory-sweep/runs/random-read-gem5-32GiBps
random-read-dramsys-1GiBps,True,dramsys,random-read,1GiB/s,1073741824.0,1.073741824,1068800000.0,1.0688,1068800000.0,0.0,72839.27245508983,72839.272455,nan,21376.0,0.0,334.0,0.0,335.0,0.0,0.0,335.0,0.005578,0.002789,334.0,0.008264,20000000.0,0.06,341728463.0,nan,nan,nan,nan,DDR4,1.07,14.93,0.5350794389996736,board.processor.cores.generator has encountered the exit state and will terminate the simulation.,m5out/chi-rni-ddr4-memory-sweep/runs/random-read-dramsys-1GiBps
random-read-dramsys-2GiBps,True,dramsys,random-read,2GiB/s,2147483648.0,2.147483648,1279085517.809042,1.279085517809042,1279085517.809042,0.0,798366.0475,798366.0475,nan,25600.0,0.0,400.0,0.0,417.0,381.0,15120402.0,412.0,1.912132,0.956066,402.0,0.009959,20014299.0,0.07,303421652.0,nan,nan,nan,nan,DDR4,1.29,14.93,0.5378571809997084,board.processor.cores.generator has encountered the exit state and will terminate the simulation.,m5out/chi-rni-ddr4-memory-sweep/runs/random-read-dramsys-2GiBps
random-read-dramsys-4GiBps,True,dramsys,random-read,4GiB/s,4294967296.0,4.294967296,1283179918.23428,1.28317991823428,1283179918.23428,0.0,819800.1072319202,819800.107232,nan,25664.0,0.0,401.0,0.0,418.0,397.0,18329160.0,413.0,1.967633,0.983817,403.0,0.010056,20000313.0,0.06,327117859.0,nan,nan,nan,nan,DDR4,1.29,14.93,0.5318224789989472,board.processor.cores.generator has encountered the exit state and will terminate the simulation.,m5out/chi-rni-ddr4-memory-sweep/runs/random-read-dramsys-4GiBps
random-read-dramsys-8GiBps,True,dramsys,random-read,8GiB/s,8589934592.0,8.589934592,1280686600.935905,1.280686600935905,1280686600.935905,0.0,825431.5970149253,825431.597015,nan,25728.0,0.0,402.0,0.0,419.0,399.0,19320853.0,415.0,1.980539,0.99027,405.0,0.010004,20089224.0,0.06,329401741.0,nan,nan,nan,nan,DDR4,1.29,14.93,0.5489200290012377,board.processor.cores.generator has encountered the exit state and will terminate the simulation.,m5out/chi-rni-ddr4-memory-sweep/runs/random-read-dramsys-8GiBps
random-read-dramsys-12GiBps,True,dramsys,random-read,12GiB/s,12884901888.0,12.884901888,1277691425.074505,1.277691425074505,1277691425.074505,0.0,822936.6408977556,822936.640898,nan,25664.0,0.0,401.0,0.0,418.0,201.0,18639921.0,415.0,1.984025,0.992013,405.0,0.010094,20086227.0,0.06,320400488.0,nan,nan,nan,nan,DDR4,1.29,14.93,0.5379162170011114,board.processor.cores.generator has encountered the exit state and will terminate the simulation.,m5out/chi-rni-ddr4-memory-sweep/runs/random-read-dramsys-12GiBps
random-read-dramsys-16GiBps,True,dramsys,random-read,16GiB/s,17179869184.0,17.179869184,1277776159.646341,1.277776159646341,1277776159.646341,0.0,825192.8354114713,825192.835411,nan,25664.0,0.0,401.0,0.0,418.0,201.0,19033545.0,415.0,1.98542,0.99271,405.0,0.010091,20084895.0,0.06,312046842.0,nan,nan,nan,nan,DDR4,1.29,14.93,0.5342090839985758,board.processor.cores.generator has encountered the exit state and will terminate the simulation.,m5out/chi-rni-ddr4-memory-sweep/runs/random-read-dramsys-16GiBps
random-read-dramsys-20GiBps,True,dramsys,random-read,20GiB/s,21474836480.0,21.47483648,1277839717.951138,1.277839717951138,1277839717.951138,0.0,826526.9152119701,826526.915212,nan,25664.0,0.0,401.0,0.0,418.0,301.0,19271156.0,415.0,1.986236,0.993118,405.0,0.010105,20083896.0,0.06,315209618.0,nan,nan,nan,nan,DDR4,1.29,14.93,0.5461631039997883,board.processor.cores.generator has encountered the exit state and will terminate the simulation.,m5out/chi-rni-ddr4-memory-sweep/runs/random-read-dramsys-20GiBps
random-read-dramsys-24GiBps,True,dramsys,random-read,24GiB/s,25769803776.0,25.769803776,1280919259.213008,1.2809192592130079,1280919259.213008,0.0,828815.2418952618,828815.241895,nan,25664.0,0.0,401.0,0.0,418.0,402.0,19878183.0,414.0,1.98679,0.993395,404.0,0.0101,20035611.0,0.06,324526402.0,nan,nan,nan,nan,DDR4,1.29,14.93,0.5447067320001224,board.processor.cores.generator has encountered the exit state and will terminate the simulation.,m5out/chi-rni-ddr4-memory-sweep/runs/random-read-dramsys-24GiBps
random-read-dramsys-28GiBps,True,dramsys,random-read,28GiB/s,30064771072.0,30.064771072,1277724946.845894,1.277724946845894,1277724946.845894,0.0,828109.06,828109.06,nan,25600.0,0.0,400.0,0.0,417.0,401.0,19587818.0,414.0,1.987211,0.993606,404.0,0.0101,20035611.0,0.06,331441042.0,nan,nan,nan,nan,DDR4,1.29,14.93,0.5495180349989823,board.processor.cores.generator has encountered the exit state and will terminate the simulation.,m5out/chi-rni-ddr4-memory-sweep/runs/random-read-dramsys-28GiBps
random-read-dramsys-32GiBps,True,dramsys,random-read,32GiB/s,34359738368.0,34.359738368,1277788658.946827,1.277788658946827,1277788658.946827,0.0,828549.3925,828549.3925,nan,25600.0,0.0,400.0,0.0,417.0,401.0,19750941.0,414.0,1.987532,0.993766,404.0,0.010143,20034612.0,0.06,330729683.0,nan,nan,nan,nan,DDR4,1.29,14.93,0.5472974620006426,board.processor.cores.generator has encountered the exit state and will terminate the simulation.,m5out/chi-rni-ddr4-memory-sweep/runs/random-read-dramsys-32GiBps
random-mixed-gem5-1GiBps,True,gem5,random-mixed,1GiB/s,1073741824.0,1.073741824,1072000000.0,1.072,518400000.0,553600000.0,36328.8328358209,70670.364198,4170.867052,10368.0,11072.0,162.0,173.0,335.0,0.0,0.0,335.0,0.005578,0.002789,335.0,0.009579,20000000.0,0.05,371526230.0,24481.77,42705.77,6.07,14925.0,,nan,nan,0.5330866620006418,board.processor.cores.generator has encountered the exit state and will terminate the simulation.,m5out/chi-rni-ddr4-memory-sweep/runs/random-mixed-gem5-1GiBps
random-mixed-gem5-2GiBps,True,gem5,random-mixed,2GiB/s,2147483648.0,2.147483648,2140800000.0,2.1408,1078400000.0,1062400000.0,42707.14349775785,80645.210682,4197.71988,21568.0,21248.0,337.0,332.0,671.0,0.0,0.0,670.0,0.011155,0.005578,669.0,0.019131,20000000.0,0.06,329050197.0,34376.59,52600.59,13.12,14925.0,,nan,nan,0.5342433139994682,board.processor.cores.generator has encountered the exit state and will terminate the simulation.,m5out/chi-rni-ddr4-memory-sweep/runs/random-mixed-gem5-2GiBps
random-mixed-gem5-4GiBps,True,gem5,random-mixed,4GiB/s,4294967296.0,4.294967296,4284800000.0,4.2848,2102400000.0,2182400000.0,49220.480955937266,95883.776256,4267.717009,42048.0,43648.0,657.0,682.0,1342.0,0.0,0.0,1341.0,0.022328,0.011164,1338.0,0.038975,20000000.0,0.07,280493107.0,49580.75,67804.75,27.51,14925.0,,nan,nan,0.5405160340014845,board.processor.cores.generator has encountered the exit state and will terminate the simulation.,m5out/chi-rni-ddr4-memory-sweep/runs/random-mixed-gem5-4GiBps
random-mixed-gem5-8GiBps,True,gem5,random-mixed,8GiB/s,8589934592.0,8.589934592,8240000000.0,8.24,4080000000.0,4160000000.0,71605.49786407767,139729.063529,4792.000769,81600.0,83200.0,1275.0,1300.0,2583.0,33.0,907490.0,2582.0,0.04299,0.021495,2574.0,0.074769,20000000.0,0.09,217518979.0,91927.9,110151.9,53.02,14925.0,,nan,nan,0.5784639329995116,board.processor.cores.generator has encountered the exit state and will terminate the simulation.,m5out/chi-rni-ddr4-memory-sweep/runs/random-mixed-gem5-8GiBps
random-mixed-gem5-12GiBps,True,gem5,random-mixed,12GiB/s,12884901888.0,12.884901888,9241728768.513294,9.241728768513294,4537835722.20366,4703893046.309635,95982.04768486523,187356.461647,7833.342838,90944.0,94272.0,1421.0,1473.0,2911.0,391.0,6844957.0,2908.0,0.251112,0.125556,2894.0,0.082747,20041272.0,0.1,199962804.0,129190.72,147414.72,59.46,14925.0,,nan,nan,0.5852426599994942,board.processor.cores.generator has encountered the exit state and will terminate the simulation.,m5out/chi-rni-ddr4-memory-sweep/runs/random-mixed-gem5-12GiBps
random-mixed-gem5-16GiBps,True,gem5,random-mixed,16GiB/s,17179869184.0,17.179869184,9314614862.506565,9.314614862506565,4587032559.176758,4727582303.329806,105387.20370370371,203704.041086,9993.299324,91904.0,94720.0,1436.0,1480.0,2933.0,804.0,11031444.0,2932.0,0.275805,0.137902,2917.0,0.083266,20035611.0,0.1,198827129.0,139429.72,157653.72,60.12,14925.0,,nan,nan,0.5637385870013532,board.processor.cores.generator has encountered the exit state and will terminate the simulation.,m5out/chi-rni-ddr4-memory-sweep/runs/random-mixed-gem5-16GiBps
random-mixed-gem5-20GiBps,True,gem5,random-mixed,20GiB/s,21474836480.0,21.47483648,9372341223.89709,9.372341223897092,4623773666.279036,4748567557.618054,110607.42744964152,211360.55917,12502.12062,92480.0,94976.0,1445.0,1484.0,2946.0,1432.0,14158758.0,2942.0,0.333072,0.166536,2928.0,0.083455,20000979.0,0.11,189555788.0,143618.55,161842.55,60.37,14925.0,,nan,nan,0.58652513800007,board.processor.cores.generator has encountered the exit state and will terminate the simulation.,m5out/chi-rni-ddr4-memory-sweep/runs/random-mixed-gem5-20GiBps
random-mixed-gem5-24GiBps,True,gem5,random-mixed,24GiB/s,25769803776.0,25.769803776,9394270906.607338,9.394270906607337,4636341465.82903,4757929440.778307,113066.5333787466,214914.503106,13821.268998,92736.0,95168.0,1449.0,1487.0,2953.0,2050.0,16520382.0,2947.0,0.31455,0.157275,2934.0,0.083346,20001978.0,0.1,194875078.0,144982.46,163206.46,60.46,14925.0,,nan,nan,0.5658058459994209,board.processor.cores.generator has encountered the exit state and will terminate the simulation.,m5out/chi-rni-ddr4-memory-sweep/runs/random-mixed-gem5-24GiBps
random-mixed-gem5-28GiBps,True,gem5,random-mixed,28GiB/s,30064771072.0,30.064771072,9332855412.429243,9.332855412429243,4597639090.730484,4735216321.698759,114235.14158381899,216991.729993,14464.048649,91968.0,94720.0,1437.0,1480.0,2934.0,2281.0,17877500.0,2933.0,0.308692,0.154346,2918.0,0.082831,20003310.0,0.1,201262816.0,146798.09,165022.09,60.26,14925.0,,nan,nan,0.5658036019995052,board.processor.cores.generator has encountered the exit state and will terminate the simulation.,m5out/chi-rni-ddr4-memory-sweep/runs/random-mixed-gem5-28GiBps
random-mixed-gem5-32GiBps,True,gem5,random-mixed,32GiB/s,34359738368.0,34.359738368,9278989907.487541,9.27898990748754,4569488857.048048,4709501050.439492,115243.81447187929,218292.452646,15258.784459,91904.0,94720.0,1436.0,1480.0,2933.0,2389.0,18580392.0,2932.0,0.362968,0.181484,2917.0,0.082639,20112534.0,0.1,198799387.0,146962.77,165186.77,59.89,14925.0,,nan,nan,0.5696522350008308,board.processor.cores.generator has encountered the exit state and will terminate the simulation.,m5out/chi-rni-ddr4-memory-sweep/runs/random-mixed-gem5-32GiBps
random-mixed-dramsys-1GiBps,True,dramsys,random-mixed,1GiB/s,1073741824.0,1.073741824,1072000000.0,1.072,518400000.0,553600000.0,50021.59402985075,98586.864198,4544.289017,10368.0,11072.0,162.0,173.0,335.0,0.0,0.0,335.0,0.005578,0.002789,334.0,0.008317,20000000.0,0.06,326573267.0,nan,nan,nan,nan,DDR4,1.07,14.93,0.538292162000289,board.processor.cores.generator has encountered the exit state and will terminate the simulation.,m5out/chi-rni-ddr4-memory-sweep/runs/random-mixed-dramsys-1GiBps
random-mixed-dramsys-2GiBps,True,dramsys,random-mixed,2GiB/s,2147483648.0,2.147483648,1180800000.0,1.1808,553600000.0,627200000.0,808839.6368563685,1686396.618497,34261.280612,11072.0,12544.0,173.0,196.0,381.0,136.0,11146737.0,368.0,1.924523,0.962262,358.0,0.008966,20000000.0,0.06,315134326.0,nan,nan,nan,nan,DDR4,1.15,14.93,0.5574739550011145,board.processor.cores.generator has encountered the exit state and will terminate the simulation.,m5out/chi-rni-ddr4-memory-sweep/runs/random-mixed-dramsys-2GiBps
random-mixed-dramsys-4GiBps,True,dramsys,random-mixed,4GiB/s,4294967296.0,4.294967296,1179422981.930303,1.179422981930303,543862608.289577,635560373.640726,833853.707774799,1761858.162791,39740.442786,11008.0,12864.0,172.0,201.0,390.0,131.0,15683061.0,373.0,1.96906,0.98453,363.0,0.008939,20240406.0,0.06,324938289.0,nan,nan,nan,nan,DDR4,1.15,14.93,0.5407086020004499,board.processor.cores.generator has encountered the exit state and will terminate the simulation.,m5out/chi-rni-ddr4-memory-sweep/runs/random-mixed-dramsys-4GiBps
random-mixed-dramsys-8GiBps,True,dramsys,random-mixed,8GiB/s,8589934592.0,8.589934592,1134011764.231962,1.134011764231962,522922314.87372,611089449.358242,855760.9624664879,1796127.819767,51068.925373,11008.0,12864.0,172.0,201.0,390.0,135.0,18811618.0,387.0,1.981021,0.990511,377.0,0.008783,21050928.0,0.06,340955411.0,nan,nan,nan,nan,DDR4,1.15,14.93,0.5439685500004998,board.processor.cores.generator has encountered the exit state and will terminate the simulation.,m5out/chi-rni-ddr4-memory-sweep/runs/random-mixed-dramsys-8GiBps
random-mixed-dramsys-12GiBps,True,dramsys,random-mixed,12GiB/s,12884901888.0,12.884901888,1143326066.373545,1.143326066373545,527217381.813002,616108684.560543,864149.2600536193,1811822.22093,53205.233831,11008.0,12864.0,172.0,201.0,390.0,150.0,19495608.0,384.0,1.984707,0.992354,374.0,0.008975,20879433.0,0.06,329172836.0,nan,nan,nan,nan,DDR4,1.15,14.93,0.5478844389999722,board.processor.cores.generator has encountered the exit state and will terminate the simulation.,m5out/chi-rni-ddr4-memory-sweep/runs/random-mixed-dramsys-12GiBps
random-mixed-dramsys-16GiBps,True,dramsys,random-mixed,16GiB/s,17179869184.0,17.179869184,1162119858.117394,1.162119858117394,535883687.925447,626236170.191947,867560.6702412869,1815777.77907,56151.004975,11008.0,12864.0,172.0,201.0,390.0,189.0,19658176.0,378.0,1.985318,0.992659,368.0,0.008816,20541771.0,0.06,316895051.0,nan,nan,nan,nan,DDR4,1.15,14.93,0.547067663001144,board.processor.cores.generator has encountered the exit state and will terminate the simulation.,m5out/chi-rni-ddr4-memory-sweep/runs/random-mixed-dramsys-16GiBps
random-mixed-dramsys-20GiBps,True,dramsys,random-mixed,20GiB/s,21474836480.0,21.47483648,1134298855.817843,1.134298855817843,523054700.26989,611244155.547953,867883.9034852547,1818905.924419,54074.014925,11008.0,12864.0,172.0,201.0,390.0,157.0,20214600.0,387.0,1.986419,0.99321,377.0,0.009046,21045600.0,0.07,320460463.0,nan,nan,nan,nan,DDR4,1.15,14.93,0.5372742139988986,board.processor.cores.generator has encountered the exit state and will terminate the simulation.,m5out/chi-rni-ddr4-memory-sweep/runs/random-mixed-dramsys-20GiBps
random-mixed-dramsys-24GiBps,True,dramsys,random-mixed,24GiB/s,25769803776.0,25.769803776,1134298855.817843,1.134298855817843,523054700.26989,611244155.547953,868578.144772118,1842862.19186,34862.442786,11008.0,12864.0,172.0,201.0,390.0,232.0,20519676.0,387.0,1.986588,0.993294,377.0,0.008979,21045600.0,0.06,335757247.0,nan,nan,nan,nan,DDR4,1.15,14.93,0.5352475020008569,board.processor.cores.generator has encountered the exit state and will terminate the simulation.,m5out/chi-rni-ddr4-memory-sweep/runs/random-mixed-dramsys-24GiBps
random-mixed-dramsys-28GiBps,True,dramsys,random-mixed,28GiB/s,30064771072.0,30.064771072,1168647152.497556,1.168647152497556,537200707.196457,631446445.301099,871290.9086021505,1818310.222222,65617.761194,10944.0,12864.0,171.0,201.0,389.0,205.0,19882955.0,375.0,1.986425,0.993212,365.0,0.008969,20372274.0,0.06,325487682.0,nan,nan,nan,nan,DDR4,1.15,14.93,0.5516024179996748,board.processor.cores.generator has encountered the exit state and will terminate the simulation.,m5out/chi-rni-ddr4-memory-sweep/runs/random-mixed-dramsys-28GiBps
random-mixed-dramsys-32GiBps,True,dramsys,random-mixed,32GiB/s,34359738368.0,34.359738368,1168704462.5336409,1.168704462533641,537227051.325948,631477411.207693,873106.7258064516,1820206.157895,67365.41791,10944.0,12864.0,171.0,201.0,389.0,237.0,19990278.0,375.0,1.986571,0.993285,365.0,0.009058,20371275.0,0.06,321922803.0,nan,nan,nan,nan,DDR4,1.15,14.93,0.5431633509997482,board.processor.cores.generator has encountered the exit state and will terminate the simulation.,m5out/chi-rni-ddr4-memory-sweep/runs/random-mixed-dramsys-32GiBps
