backend,config_name,traffic_pattern,read_percent,offered_GBps,achieved_GBps,avg_latency_ns,read_avg_latency_ns,write_avg_latency_ns,completed_requests,completed_bytes,sim_seconds,retry_count_or_backpressure_indicator,run_id,success,rate,offered_GiBps,achieved_GiBps,read_GBps,write_GBps,completed_reads,completed_writes,num_packets,num_retries,retry_ticks,avg_latency_ticks,sim_ticks,host_seconds,host_tick_rate,wall_seconds,gem5_dram_bus_util_pct,gem5_dram_avg_mem_acc_lat_ns,gem5_dram_peak_GBps,dramsys_avg_bw_GBps,dramsys_max_bw_GBps,dramsys_memory_type,dramsim3_avg_bw_GBps,dramsim3_avg_read_lat_ns,dramsim3_row_hit_rate,exit_cause,run_dir
gem5,DDR4_2400_8x8_4GiB,linear-read,100,1.073741824,1.0688,51.884628742514984,51.884628742514984,,334.0,21376.0,2e-05,0.0,linear-read-gem5-1GiBps,True,1GiB/s,1.0,0.9953975677490234,1.0688,0.0,334.0,0.0,335.0,0.0,0.0,51884.62874251497,20000000.0,0.0,7246376812.0,0.19198307400074555,5.58,22.309670000000004,20.139999232,,,,,,,board.processor.cores.generator has encountered the exit state and will terminate the simulation.,m5out/ddr4-2400-4gb-x8-memory-sweep/runs/linear-read-gem5-1GiBps
gem5,DDR4_2400_8x8_4GiB,linear-read,100,2.147483648,2.1408,52.34637369207774,52.34637369207774,,669.0,42816.0,2e-05,0.0,linear-read-gem5-2GiBps,True,2GiB/s,2.0,1.9937753677368164,2.1408,0.0,669.0,0.0,671.0,0.0,0.0,52346.37369207773,20000000.0,0.0,6781959986.0,0.18861014300091483,11.18,22.771360000000005,20.139999232,,,,,,,board.processor.cores.generator has encountered the exit state and will terminate the simulation.,m5out/ddr4-2400-4gb-x8-memory-sweep/runs/linear-read-gem5-2GiBps
gem5,DDR4_2400_8x8_4GiB,linear-read,100,4.294967296,4.2848,53.275153846153856,53.275153846153856,,1339.0,85696.0,2e-05,0.0,linear-read-gem5-4GiBps,True,4GiB/s,4.0,3.9905309677124023,4.2848,0.0,1339.0,0.0,1342.0,0.0,0.0,53275.153846153844,20000000.0,0.0,5770340450.0,0.19147742800123524,22.36,23.705650000000006,20.139999232,,,,,,,board.processor.cores.generator has encountered the exit state and will terminate the simulation.,m5out/ddr4-2400-4gb-x8-memory-sweep/runs/linear-read-gem5-4GiBps
gem5,DDR4_2400_8x8_4GiB,linear-read,100,8.589934592,8.515199999999998,53.64195565576852,53.64195565576852,,2661.0,170304.0,2e-05,141314.0,linear-read-gem5-8GiBps,True,8GiB/s,8.0,7.930397987365722,8.515199999999998,0.0,2661.0,0.0,2668.0,6.0,141314.0,53641.95565576851,20000000.0,0.0,5070993915.0,0.18776663100106816,44.45,24.015080000000008,20.139999232,,,,,,,board.processor.cores.generator has encountered the exit state and will terminate the simulation.,m5out/ddr4-2400-4gb-x8-memory-sweep/runs/linear-read-gem5-8GiBps
gem5,DDR4_2400_8x8_4GiB,linear-read,100,12.884901888,12.668799999999997,53.53126875473606,53.53126875473606,,3959.0,253376.0,2e-05,310944.0,linear-read-gem5-12GiBps,True,12GiB/s,12.0,11.798739433288572,12.668799999999997,0.0,3959.0,0.0,3968.0,10.0,310944.0,53531.26875473605,20000000.0,0.0,4086636698.0,0.19200633500076947,66.11,23.920930000000006,20.139999232,,,,,,,board.processor.cores.generator has encountered the exit state and will terminate the simulation.,m5out/ddr4-2400-4gb-x8-memory-sweep/runs/linear-read-gem5-12GiBps
gem5,DDR4_2400_8x8_4GiB,linear-read,100,17.179869184,16.761599999999998,60.99079419625813,60.99079419625813,,5238.0,335232.0,2e-05,484652.0,linear-read-gem5-16GiBps,True,16GiB/s,16.0,15.610456466674803,16.761599999999998,0.0,5238.0,0.0,5250.0,26.0,484652.0,60990.79419625812,20000000.0,0.01,3309066843.0,0.20307751099971938,87.47,31.469850000000005,20.139999232,,,,,,,board.processor.cores.generator has encountered the exit state and will terminate the simulation.,m5out/ddr4-2400-4gb-x8-memory-sweep/runs/linear-read-gem5-16GiBps
gem5,DDR4_2400_8x8_4GiB,linear-read,100,21.47483648,18.56332776925419,141.99474823180122,141.99474823180122,,5802.0,371328.0,2e-05,19552078.0,linear-read-gem5-20GiBps,True,20GiB/s,20.0,17.28844621149282,18.56332776925419,0.0,5802.0,0.0,5843.0,11386.0,19552078.0,142018.24836263357,20003310.0,0.01,2753759637.0,0.19854581899926416,97.02,109.14673621515641,20.139999232,,,,,,,board.processor.cores.generator has encountered the exit state and will terminate the simulation.,m5out/ddr4-2400-4gb-x8-memory-sweep/runs/linear-read-gem5-20GiBps
gem5,DDR4_2400_8x8_4GiB,linear-read,100,25.769803776,18.571733982469407,141.51325015804878,141.51325015804878,,5804.0,371456.0,2e-05,19818951.0,linear-read-gem5-24GiBps,True,24GiB/s,24.0,17.29627510762718,18.571733982469407,0.0,5804.0,0.0,5845.0,11545.0,19818951.0,141521.37301860785,20001148.0,0.01,2551166837.0,0.19577699299952656,97.06,108.79917492735918,20.139999232,,,,,,,board.processor.cores.generator has encountered the exit state and will terminate the simulation.,m5out/ddr4-2400-4gb-x8-memory-sweep/runs/linear-read-gem5-24GiBps
gem5,DDR4_2400_8x8_4GiB,linear-read,100,30.064771072,18.57206361767756,141.9888768605363,141.9888768605363,,5804.0,371456.0,2e-05,19890710.0,linear-read-gem5-28GiBps,True,28GiB/s,28.0,17.296582104337922,18.57206361767756,0.0,5804.0,0.0,5845.0,11589.0,19890710.0,141994.50671950378,20000793.0,0.01,2642810914.0,0.1910238489999756,97.06,108.90896175966625,20.139999232,,,,,,,board.processor.cores.generator has encountered the exit state and will terminate the simulation.,m5out/ddr4-2400-4gb-x8-memory-sweep/runs/linear-read-gem5-28GiBps
gem5,DDR4_2400_8x8_4GiB,linear-read,100,34.359738368,18.572310619615173,142.30744868253151,142.30744868253151,,5804.0,371456.0,2e-05,19921166.0,linear-read-gem5-32GiBps,True,32GiB/s,32.0,17.296812142818396,18.572310619615173,0.0,5804.0,0.0,5845.0,11606.0,19921166.0,142311.19848380427,20000527.0,0.01,2581712534.0,0.18782956300128717,97.06,108.95733897411806,20.139999232,,,,,,,board.processor.cores.generator has encountered the exit state and will terminate the simulation.,m5out/ddr4-2400-4gb-x8-memory-sweep/runs/linear-read-gem5-32GiBps
dramsys,JEDEC_4Gb_DDR4-2400_8bit_A,linear-read,100,1.073741824,1.072,32.24799701492538,32.24799701492538,,335.0,21440.0,2e-05,0.0,linear-read-dramsys-1GiBps,True,1GiB/s,1.0,0.998377799987793,1.072,0.0,335.0,0.0,335.0,0.0,0.0,32247.99701492537,20000000.0,0.0,4157139888.0,0.1880508659996849,,,,1.07,19.21,DDR4,,,,board.processor.cores.generator has encountered the exit state and will terminate the simulation.,m5out/ddr4-2400-4gb-x8-memory-sweep/runs/linear-read-dramsys-1GiBps
dramsys,JEDEC_4Gb_DDR4-2400_8bit_A,linear-read,100,2.147483648,2.144,31.74362686567165,31.74362686567165,,670.0,42880.0,2e-05,0.0,linear-read-dramsys-2GiBps,True,2GiB/s,2.0,1.996755599975586,2.144,0.0,670.0,0.0,671.0,0.0,0.0,31743.626865671642,20000000.0,0.01,3117206983.0,0.18630935500004853,,,,2.14,19.21,DDR4,,,,board.processor.cores.generator has encountered the exit state and will terminate the simulation.,m5out/ddr4-2400-4gb-x8-memory-sweep/runs/linear-read-dramsys-2GiBps
dramsys,JEDEC_4Gb_DDR4-2400_8bit_A,linear-read,100,4.294967296,4.288,31.81959029850747,31.81959029850747,,1340.0,85760.0,2e-05,0.0,linear-read-dramsys-4GiBps,True,4GiB/s,4.0,3.993511199951172,4.288,0.0,1340.0,0.0,1342.0,0.0,0.0,31819.590298507464,20000000.0,0.01,1879522601.0,0.19352717299989308,,,,4.29,19.21,DDR4,,,,board.processor.cores.generator has encountered the exit state and will terminate the simulation.,m5out/ddr4-2400-4gb-x8-memory-sweep/runs/linear-read-dramsys-4GiBps
dramsys,JEDEC_4Gb_DDR4-2400_8bit_A,linear-read,100,8.589934592,8.523594337580949,41.02054786872919,41.02054786872919,,2664.0,170496.0,2e-05,19521741.0,linear-read-dramsys-8GiBps,True,8GiB/s,8.0,7.938215823453803,8.523594337580949,0.0,2664.0,0.0,2668.0,5209.0,19521741.0,41026.35022522522,20002829.0,0.02,1037437322.0,0.20424105200072518,,,,8.52,19.21,DDR4,,,,board.processor.cores.generator has encountered the exit state and will terminate the simulation.,m5out/ddr4-2400-4gb-x8-memory-sweep/runs/linear-read-dramsys-8GiBps
dramsys,JEDEC_4Gb_DDR4-2400_8bit_A,linear-read,100,12.884901888,8.525018800925316,41.18369112137621,41.18369112137621,,2665.0,170560.0,2e-05,19994654.0,linear-read-dramsys-12GiBps,True,12GiB/s,12.0,7.939542458323125,8.525018800925316,0.0,2665.0,0.0,2669.0,5334.0,19994654.0,41198.09305816135,20006994.0,0.02,989906190.0,0.2289471889998822,,,,8.53,19.21,DDR4,,,,board.processor.cores.generator has encountered the exit state and will terminate the simulation.,m5out/ddr4-2400-4gb-x8-memory-sweep/runs/linear-read-dramsys-12GiBps
dramsys,JEDEC_4Gb_DDR4-2400_8bit_A,linear-read,100,17.179869184,8.525373758613657,41.187081175178704,41.187081175178704,,2665.0,170560.0,2e-05,19998711.0,linear-read-dramsys-16GiBps,True,16GiB/s,16.0,7.939873038431311,8.525373758613657,0.0,2665.0,0.0,2669.0,5335.0,19998711.0,41199.76885553471,20006161.0,0.02,976529555.0,0.23186176499984867,,,,8.53,19.21,DDR4,,,,board.processor.cores.generator has encountered the exit state and will terminate the simulation.,m5out/ddr4-2400-4gb-x8-memory-sweep/runs/linear-read-dramsys-16GiBps
dramsys,JEDEC_4Gb_DDR4-2400_8bit_A,linear-read,100,21.47483648,8.525728745862104,41.1890096118169,41.1890096118169,,2665.0,170560.0,2e-05,19999368.0,linear-read-dramsys-20GiBps,True,20GiB/s,20.0,7.940203646069489,8.525728745862104,0.0,2665.0,0.0,2669.0,5335.0,19999368.0,41199.982363977484,20005328.0,0.02,1007672795.0,0.22646486399935384,,,,8.53,19.21,DDR4,,,,board.processor.cores.generator has encountered the exit state and will terminate the simulation.,m5out/ddr4-2400-4gb-x8-memory-sweep/runs/linear-read-dramsys-20GiBps
dramsys,JEDEC_4Gb_DDR4-2400_8bit_A,linear-read,100,25.769803776,8.526083762674338,41.19065797185347,41.19065797185347,,2665.0,170560.0,2e-05,19999527.0,linear-read-dramsys-24GiBps,True,24GiB/s,24.0,7.940534281241091,8.526083762674338,0.0,2665.0,0.0,2669.0,5335.0,19999527.0,41199.91557223265,20004495.0,0.02,996537561.0,0.22025190200110956,,,,8.53,19.21,DDR4,,,,board.processor.cores.generator has encountered the exit state and will terminate the simulation.,m5out/ddr4-2400-4gb-x8-memory-sweep/runs/linear-read-dramsys-24GiBps
dramsys,JEDEC_4Gb_DDR4-2400_8bit_A,linear-read,100,30.064771072,8.526083762674338,41.19105750682346,41.19105750682346,,2665.0,170560.0,2e-05,20000237.0,linear-read-dramsys-28GiBps,True,28GiB/s,28.0,7.940534281241091,8.526083762674338,0.0,2665.0,0.0,2669.0,5335.0,20000237.0,41200.315196998126,20004495.0,0.02,1017367391.0,0.20591455900103028,,,,8.53,19.21,DDR4,,,,board.processor.cores.generator has encountered the exit state and will terminate the simulation.,m5out/ddr4-2400-4gb-x8-memory-sweep/runs/linear-read-dramsys-28GiBps
dramsys,JEDEC_4Gb_DDR4-2400_8bit_A,linear-read,100,34.359738368,8.526083762674338,41.1913568766883,41.1913568766883,,2665.0,170560.0,2e-05,20000769.0,linear-read-dramsys-32GiBps,True,32GiB/s,32.0,7.940534281241091,8.526083762674338,0.0,2665.0,0.0,2669.0,5335.0,20000769.0,41200.61463414634,20004495.0,0.02,1028455863.0,0.21151304099839763,,,,8.53,19.21,DDR4,,,,board.processor.cores.generator has encountered the exit state and will terminate the simulation.,m5out/ddr4-2400-4gb-x8-memory-sweep/runs/linear-read-dramsys-32GiBps
dramsim3,DDR4_4Gb_x8_2400_1rank_4GiB,linear-read,100,1.073741824,1.072,31.91728358208956,31.91728358208956,,335.0,21440.0,2e-05,0.0,linear-read-dramsim3-1GiBps,True,1GiB/s,1.0,0.998377799987793,1.072,0.0,335.0,0.0,335.0,0.0,0.0,31917.283582089553,20000000.0,0.0,4436557232.0,0.1884030890014401,,,,,,,1.0719823122918473,22.391537313432835,0.9850746268656716,board.processor.cores.generator has encountered the exit state and will terminate the simulation.,m5out/ddr4-2400-4gb-x8-memory-sweep/runs/linear-read-dramsim3-1GiBps
dramsim3,DDR4_4Gb_x8_2400_1rank_4GiB,linear-read,100,2.147483648,2.144,31.978607462686576,31.978607462686576,,670.0,42880.0,2e-05,0.0,linear-read-dramsim3-2GiBps,True,2GiB/s,2.0,1.996755599975586,2.144,0.0,670.0,0.0,671.0,0.0,0.0,31978.607462686567,20000000.0,0.0,4290924694.0,0.19401834800009965,,,,,,,2.1439646245836945,22.454944776119405,0.9880774962742176,board.processor.cores.generator has encountered the exit state and will terminate the simulation.,m5out/ddr4-2400-4gb-x8-memory-sweep/runs/linear-read-dramsim3-2GiBps
dramsim3,DDR4_4Gb_x8_2400_1rank_4GiB,linear-read,100,4.294967296,4.288,33.30407089552239,33.30407089552239,,1340.0,85760.0,2e-05,0.0,linear-read-dramsim3-4GiBps,True,4GiB/s,4.0,3.993511199951172,4.288,0.0,1340.0,0.0,1342.0,0.0,0.0,33304.07089552239,20000000.0,0.01,3794346424.0,0.18955155599905993,,,,,,,4.287929249167389,23.8238,0.9903129657228018,board.processor.cores.generator has encountered the exit state and will terminate the simulation.,m5out/ddr4-2400-4gb-x8-memory-sweep/runs/linear-read-dramsim3-4GiBps
dramsim3,DDR4_4Gb_x8_2400_1rank_4GiB,linear-read,100,8.589934592,8.5184,36.18804507888807,36.18804507888807,,2662.0,170368.0,2e-05,162356.0,linear-read-dramsim3-8GiBps,True,8GiB/s,8.0,7.933378219604491,8.5184,0.0,2662.0,0.0,2665.0,8.0,162356.0,36188.045078888055,20000000.0,0.01,3194377895.0,0.1883197819988709,,,,,,,8.521459395919969,26.991952684941793,0.9913696060037523,board.processor.cores.generator has encountered the exit state and will terminate the simulation.,m5out/ddr4-2400-4gb-x8-memory-sweep/runs/linear-read-dramsim3-8GiBps
dramsim3,DDR4_4Gb_x8_2400_1rank_4GiB,linear-read,100,12.884901888,12.630399999999998,55.54296959716242,55.54296959716242,,3947.0,252608.0,2e-05,875978.0,linear-read-dramsim3-12GiBps,True,12GiB/s,12.0,11.762976646423338,12.630399999999998,0.0,3947.0,0.0,3957.0,228.0,875978.0,55542.9695971624,20000000.0,0.01,2522386177.0,0.19180298300125287,,,,,,,12.636591496240314,47.48627348695872,0.9916497975708503,board.processor.cores.generator has encountered the exit state and will terminate the simulation.,m5out/ddr4-2400-4gb-x8-memory-sweep/runs/linear-read-dramsim3-12GiBps
dramsim3,DDR4_4Gb_x8_2400_1rank_4GiB,linear-read,100,17.179869184,14.147220412212354,142.55870665162078,142.55870665162078,,4422.0,283008.0,2e-05,10108217.0,linear-read-dramsim3-16GiBps,True,16GiB/s,16.0,13.175625737954261,14.147220412212354,0.0,4422.0,0.0,4455.0,3469.0,10108217.0,142590.74672094075,20004495.0,0.01,1707742445.0,0.19749153299926547,,,,,,,14.153029632905795,132.88929588607596,0.9916421956177999,board.processor.cores.generator has encountered the exit state and will terminate the simulation.,m5out/ddr4-2400-4gb-x8-memory-sweep/runs/linear-read-dramsim3-16GiBps
dramsim3,DDR4_4Gb_x8_2400_1rank_4GiB,linear-read,100,21.47483648,14.147220412212354,147.87821959402683,147.87821959402683,,4422.0,283008.0,2e-05,15435745.0,linear-read-dramsim3-20GiBps,True,20GiB/s,20.0,13.175625737954261,14.147220412212354,0.0,4422.0,0.0,4455.0,5791.0,15435745.0,147911.4552238806,20004495.0,0.01,1696734097.0,0.19876466499954404,,,,,,,14.153029632905795,137.15201898734176,0.9916421956177999,board.processor.cores.generator has encountered the exit state and will terminate the simulation.,m5out/ddr4-2400-4gb-x8-memory-sweep/runs/linear-read-dramsim3-20GiBps
dramsim3,DDR4_4Gb_x8_2400_1rank_4GiB,linear-read,100,25.769803776,14.147220412212354,148.33468168078974,148.33468168078974,,4422.0,283008.0,2e-05,16752353.0,linear-read-dramsim3-24GiBps,True,24GiB/s,24.0,13.175625737954261,14.147220412212354,0.0,4422.0,0.0,4455.0,7589.0,16752353.0,148368.01990049751,20004495.0,0.01,1728996975.0,0.19546891700156266,,,,,,,14.153029632905795,137.49678006329114,0.9916421956177999,board.processor.cores.generator has encountered the exit state and will terminate the simulation.,m5out/ddr4-2400-4gb-x8-memory-sweep/runs/linear-read-dramsim3-24GiBps
dramsim3,DDR4_4Gb_x8_2400_1rank_4GiB,linear-read,100,30.064771072,14.147220412212354,148.73243149954376,148.73243149954376,,4422.0,283008.0,2e-05,17845423.0,linear-read-dramsim3-28GiBps,True,28GiB/s,28.0,13.175625737954261,14.147220412212354,0.0,4422.0,0.0,4455.0,7601.0,17845423.0,148765.8591135233,20004495.0,0.01,1706576949.0,0.2040526939999836,,,,,,,14.153029632905795,137.583582278481,0.9916421956177999,board.processor.cores.generator has encountered the exit state and will terminate the simulation.,m5out/ddr4-2400-4gb-x8-memory-sweep/runs/linear-read-dramsim3-28GiBps
dramsim3,DDR4_4Gb_x8_2400_1rank_4GiB,linear-read,100,34.359738368,14.147220412212354,149.01437717793326,149.01437717793326,,4422.0,283008.0,2e-05,19173996.0,linear-read-dramsim3-32GiBps,True,32GiB/s,32.0,13.175625737954261,14.147220412212354,0.0,4422.0,0.0,4455.0,8829.0,19173996.0,149047.868159204,20004495.0,0.01,1681756620.0,0.2013174789990444,,,,,,,14.153029632905795,137.56324683544304,0.9916421956177999,board.processor.cores.generator has encountered the exit state and will terminate the simulation.,m5out/ddr4-2400-4gb-x8-memory-sweep/runs/linear-read-dramsim3-32GiBps
gem5,DDR4_2400_8x8_4GiB,linear-write,0,1.073741824,1.072,20.404477611940305,,20.404477611940305,335.0,21440.0,2e-05,0.0,linear-write-gem5-1GiBps,True,1GiB/s,1.0,0.998377799987793,0.0,1.072,0.0,335.0,335.0,0.0,0.0,20404.4776119403,20000000.0,0.0,7380073801.0,0.1952120140012994,5.43,,20.139999232,,,,,,,board.processor.cores.generator has encountered the exit state and will terminate the simulation.,m5out/ddr4-2400-4gb-x8-memory-sweep/runs/linear-write-gem5-1GiBps
gem5,DDR4_2400_8x8_4GiB,linear-write,0,2.147483648,2.144,20.40736716417911,,20.40736716417911,670.0,42880.0,2e-05,0.0,linear-write-gem5-2GiBps,True,2GiB/s,2.0,1.996755599975586,0.0,2.144,0.0,670.0,671.0,0.0,0.0,20407.367164179104,20000000.0,0.0,6731740155.0,0.19445968400032143,11.15,,20.139999232,,,,,,,board.processor.cores.generator has encountered the exit state and will terminate the simulation.,m5out/ddr4-2400-4gb-x8-memory-sweep/runs/linear-write-gem5-2GiBps
gem5,DDR4_2400_8x8_4GiB,linear-write,0,4.294967296,4.288,20.406247014925377,,20.406247014925377,1340.0,85760.0,2e-05,0.0,linear-write-gem5-4GiBps,True,4GiB/s,4.0,3.993511199951172,0.0,4.288,0.0,1340.0,1342.0,0.0,0.0,20406.24701492537,20000000.0,0.0,5861664713.0,0.2029886809996242,22.29,,20.139999232,,,,,,,board.processor.cores.generator has encountered the exit state and will terminate the simulation.,m5out/ddr4-2400-4gb-x8-memory-sweep/runs/linear-write-gem5-4GiBps
gem5,DDR4_2400_8x8_4GiB,linear-write,0,8.589934592,8.479999999999999,20.501175094339626,,20.501175094339626,2650.0,169600.0,2e-05,247083.0,linear-write-gem5-8GiBps,True,8GiB/s,8.0,7.897615432739257,0.0,8.479999999999999,0.0,2650.0,2653.0,4.0,247083.0,20501.175094339622,20000000.0,0.0,4647920056.0,0.19643718699990131,43.98,,20.139999232,,,,,,,board.processor.cores.generator has encountered the exit state and will terminate the simulation.,m5out/ddr4-2400-4gb-x8-memory-sweep/runs/linear-write-gem5-8GiBps
gem5,DDR4_2400_8x8_4GiB,linear-write,0,12.884901888,12.655999999999999,20.495783565107466,,20.495783565107466,3955.0,253120.0,2e-05,348917.0,linear-write-gem5-12GiBps,True,12GiB/s,12.0,11.786818504333494,0.0,12.655999999999999,0.0,3955.0,3959.0,4.0,348917.0,20495.78356510746,20000000.0,0.01,3720238095.0,0.19867222299944842,65.94,,20.139999232,,,,,,,board.processor.cores.generator has encountered the exit state and will terminate the simulation.,m5out/ddr4-2400-4gb-x8-memory-sweep/runs/linear-write-gem5-12GiBps
gem5,DDR4_2400_8x8_4GiB,linear-write,0,17.179869184,16.764799999999997,20.498523191448754,,20.498523191448754,5239.0,335296.0,2e-05,475427.0,linear-write-gem5-16GiBps,True,16GiB/s,16.0,15.613436698913572,0.0,16.764799999999997,0.0,5239.0,5244.0,4.0,475427.0,20498.52319144875,20000000.0,0.01,3116721209.0,0.19848974300111877,87.32,,20.139999232,,,,,,,board.processor.cores.generator has encountered the exit state and will terminate the simulation.,m5out/ddr4-2400-4gb-x8-memory-sweep/runs/linear-write-gem5-16GiBps
gem5,DDR4_2400_8x8_4GiB,linear-write,0,21.47483648,18.634306729759558,23.44364054171969,,23.44364054171969,5824.0,372736.0,2e-05,19187818.0,linear-write-gem5-20GiBps,True,20GiB/s,20.0,17.35455051973421,0.0,18.634306729759558,0.0,5824.0,5831.0,11129.0,19187818.0,23446.777300824175,20002676.0,0.01,2424860710.0,0.20127392899848928,96.6,,20.139999232,,,,,,,board.processor.cores.generator has encountered the exit state and will terminate the simulation.,m5out/ddr4-2400-4gb-x8-memory-sweep/runs/linear-write-gem5-20GiBps
gem5,DDR4_2400_8x8_4GiB,linear-write,0,25.769803776,18.655153056051258,23.622813973645254,,23.622813973645254,5830.0,373120.0,2e-05,19700894.0,linear-write-gem5-24GiBps,True,24GiB/s,24.0,17.37396517400747,0.0,18.655153056051258,0.0,5830.0,5837.0,11440.0,19700894.0,23623.886449399655,20000908.0,0.01,2407717347.0,0.1995650310000201,96.71,,20.139999232,,,,,,,board.processor.cores.generator has encountered the exit state and will terminate the simulation.,m5out/ddr4-2400-4gb-x8-memory-sweep/runs/linear-write-gem5-24GiBps
gem5,DDR4_2400_8x8_4GiB,linear-write,0,30.064771072,18.651366642473526,23.843647800946997,,23.843647800946997,5829.0,373056.0,2e-05,19824096.0,linear-write-gem5-28GiBps,True,28GiB/s,28.0,17.370438801565697,0.0,18.651366642473526,0.0,5829.0,5836.0,11535.0,19824096.0,23845.480185280496,20001537.0,0.01,2475437748.0,0.20471371399980853,96.69,,20.139999232,,,,,,,board.processor.cores.generator has encountered the exit state and will terminate the simulation.,m5out/ddr4-2400-4gb-x8-memory-sweep/runs/linear-write-gem5-28GiBps
gem5,DDR4_2400_8x8_4GiB,linear-write,0,34.359738368,18.6669211743838,24.201208131946256,,24.201208131946256,5834.0,373376.0,2e-05,19886243.0,linear-write-gem5-32GiBps,True,32GiB/s,32.0,17.38492508827131,0.0,18.6669211743838,0.0,5834.0,5841.0,11589.0,19886243.0,24203.643983544738,20002013.0,0.01,2410171466.0,0.20638981199954287,96.77,,20.139999232,,,,,,,board.processor.cores.generator has encountered the exit state and will terminate the simulation.,m5out/ddr4-2400-4gb-x8-memory-sweep/runs/linear-write-gem5-32GiBps
dramsys,JEDEC_4Gb_DDR4-2400_8bit_A,linear-write,0,1.073741824,1.072,32.28529552238807,,32.28529552238807,335.0,21440.0,2e-05,0.0,linear-write-dramsys-1GiBps,True,1GiB/s,1.0,0.998377799987793,0.0,1.072,0.0,335.0,335.0,0.0,0.0,32285.29552238806,20000000.0,0.0,4410143330.0,0.19765028300025733,,,,1.07,19.21,DDR4,,,,board.processor.cores.generator has encountered the exit state and will terminate the simulation.,m5out/ddr4-2400-4gb-x8-memory-sweep/runs/linear-write-dramsys-1GiBps
dramsys,JEDEC_4Gb_DDR4-2400_8bit_A,linear-write,0,2.147483648,2.144,32.12780149253732,,32.12780149253732,670.0,42880.0,2e-05,0.0,linear-write-dramsys-2GiBps,True,2GiB/s,2.0,1.996755599975586,0.0,2.144,0.0,670.0,671.0,0.0,0.0,32127.801492537314,20000000.0,0.01,2981070204.0,0.19552509499953885,,,,2.14,19.21,DDR4,,,,board.processor.cores.generator has encountered the exit state and will terminate the simulation.,m5out/ddr4-2400-4gb-x8-memory-sweep/runs/linear-write-dramsys-2GiBps
dramsys,JEDEC_4Gb_DDR4-2400_8bit_A,linear-write,0,4.294967296,4.288,32.559344029850756,,32.559344029850756,1340.0,85760.0,2e-05,0.0,linear-write-dramsys-4GiBps,True,4GiB/s,4.0,3.993511199951172,0.0,4.288,0.0,1340.0,1342.0,0.0,0.0,32559.344029850745,20000000.0,0.01,1877405426.0,0.20048021900038293,,,,4.29,19.21,DDR4,,,,board.processor.cores.generator has encountered the exit state and will terminate the simulation.,m5out/ddr4-2400-4gb-x8-memory-sweep/runs/linear-write-dramsys-4GiBps
dramsys,JEDEC_4Gb_DDR4-2400_8bit_A,linear-write,0,8.589934592,8.523594337580949,42.19921372902584,,42.19921372902584,2664.0,170496.0,2e-05,19521741.0,linear-write-dramsys-8GiBps,True,8GiB/s,8.0,7.938215823453803,0.0,8.523594337580949,0.0,2664.0,2668.0,5227.0,19521741.0,42205.18280780781,20002829.0,0.02,1019824054.0,0.20981757799927436,,,,8.52,19.21,DDR4,,,,board.processor.cores.generator has encountered the exit state and will terminate the simulation.,m5out/ddr4-2400-4gb-x8-memory-sweep/runs/linear-write-dramsys-8GiBps
dramsys,JEDEC_4Gb_DDR4-2400_8bit_A,linear-write,0,12.884901888,8.525018800925316,42.36166942626542,,42.36166942626542,2665.0,170560.0,2e-05,19994654.0,linear-write-dramsys-12GiBps,True,12GiB/s,12.0,7.939542458323125,0.0,8.525018800925316,0.0,2665.0,2669.0,5334.0,19994654.0,42376.48330206379,20006994.0,0.02,1043879474.0,0.2081865870004549,,,,8.53,19.21,DDR4,,,,board.processor.cores.generator has encountered the exit state and will terminate the simulation.,m5out/ddr4-2400-4gb-x8-memory-sweep/runs/linear-write-dramsys-12GiBps
dramsys,JEDEC_4Gb_DDR4-2400_8bit_A,linear-write,0,17.179869184,8.525373758613657,42.36510852775518,,42.36510852775518,2665.0,170560.0,2e-05,19998711.0,linear-write-dramsys-16GiBps,True,16GiB/s,16.0,7.939873038431311,0.0,8.525373758613657,0.0,2665.0,2669.0,5335.0,19998711.0,42378.15909943715,20006161.0,0.02,998560569.0,0.20787748099974124,,,,8.53,19.21,DDR4,,,,board.processor.cores.generator has encountered the exit state and will terminate the simulation.,m5out/ddr4-2400-4gb-x8-memory-sweep/runs/linear-write-dramsys-16GiBps
dramsys,JEDEC_4Gb_DDR4-2400_8bit_A,linear-write,0,21.47483648,8.525728745862104,42.367086016165224,,42.367086016165224,2665.0,170560.0,2e-05,19999368.0,linear-write-dramsys-20GiBps,True,20GiB/s,20.0,7.940203646069489,0.0,8.525728745862104,0.0,2665.0,2669.0,5335.0,19999368.0,42378.37260787992,20005328.0,0.02,1012005666.0,0.21007620099953783,,,,8.53,19.21,DDR4,,,,board.processor.cores.generator has encountered the exit state and will terminate the simulation.,m5out/ddr4-2400-4gb-x8-memory-sweep/runs/linear-write-dramsys-20GiBps
dramsys,JEDEC_4Gb_DDR4-2400_8bit_A,linear-write,0,25.769803776,8.526083762674338,42.36878343205873,,42.36878343205873,2665.0,170560.0,2e-05,19999527.0,linear-write-dramsys-24GiBps,True,24GiB/s,24.0,7.940534281241091,0.0,8.526083762674338,0.0,2665.0,2669.0,5335.0,19999527.0,42378.305816135085,20004495.0,0.02,982828682.0,0.2077822359988204,,,,8.53,19.21,DDR4,,,,board.processor.cores.generator has encountered the exit state and will terminate the simulation.,m5out/ddr4-2400-4gb-x8-memory-sweep/runs/linear-write-dramsys-24GiBps
dramsys,JEDEC_4Gb_DDR4-2400_8bit_A,linear-write,0,30.064771072,8.526083762674338,42.36918296702872,,42.36918296702872,2665.0,170560.0,2e-05,20000237.0,linear-write-dramsys-28GiBps,True,28GiB/s,28.0,7.940534281241091,0.0,8.526083762674338,0.0,2665.0,2669.0,5335.0,20000237.0,42378.705440900565,20004495.0,0.02,1012680723.0,0.2099425139986124,,,,8.53,19.21,DDR4,,,,board.processor.cores.generator has encountered the exit state and will terminate the simulation.,m5out/ddr4-2400-4gb-x8-memory-sweep/runs/linear-write-dramsys-28GiBps
dramsys,JEDEC_4Gb_DDR4-2400_8bit_A,linear-write,0,34.359738368,8.526083762674338,42.36948233689356,,42.36948233689356,2665.0,170560.0,2e-05,20000769.0,linear-write-dramsys-32GiBps,True,32GiB/s,32.0,7.940534281241091,0.0,8.526083762674338,0.0,2665.0,2669.0,5336.0,20000769.0,42379.00487804878,20004495.0,0.02,1026766668.0,0.20483387000058428,,,,8.53,19.21,DDR4,,,,board.processor.cores.generator has encountered the exit state and will terminate the simulation.,m5out/ddr4-2400-4gb-x8-memory-sweep/runs/linear-write-dramsys-32GiBps
dramsim3,DDR4_4Gb_x8_2400_1rank_4GiB,linear-write,0,1.073741824,1.072,9.5754776119403,,9.5754776119403,335.0,21440.0,2e-05,0.0,linear-write-dramsim3-1GiBps,True,1GiB/s,1.0,0.998377799987793,0.0,1.072,0.0,335.0,335.0,0.0,0.0,9575.477611940298,20000000.0,0.0,4342162397.0,0.19169490799868072,,,,,,,1.0719823122918473,,,board.processor.cores.generator has encountered the exit state and will terminate the simulation.,m5out/ddr4-2400-4gb-x8-memory-sweep/runs/linear-write-dramsim3-1GiBps
dramsim3,DDR4_4Gb_x8_2400_1rank_4GiB,linear-write,0,2.147483648,2.144,9.578367164179106,,9.578367164179106,670.0,42880.0,2e-05,0.0,linear-write-dramsim3-2GiBps,True,2GiB/s,2.0,1.996755599975586,0.0,2.144,0.0,670.0,671.0,0.0,0.0,9578.367164179104,20000000.0,0.0,4033071184.0,0.18520910799998092,,,,,,,2.1471645717845655,,,board.processor.cores.generator has encountered the exit state and will terminate the simulation.,m5out/ddr4-2400-4gb-x8-memory-sweep/runs/linear-write-dramsim3-2GiBps
dramsim3,DDR4_4Gb_x8_2400_1rank_4GiB,linear-write,0,4.294967296,4.2912,9.577382550335573,,9.577382550335573,1341.0,85824.0,2e-05,0.0,linear-write-dramsim3-4GiBps,True,4GiB/s,4.0,3.9964914321899414,0.0,4.2912,0.0,1341.0,1342.0,0.0,0.0,9577.382550335571,20000000.0,0.01,3566333809.0,0.19074122399979387,,,,,,,4.294329143569131,,,board.processor.cores.generator has encountered the exit state and will terminate the simulation.,m5out/ddr4-2400-4gb-x8-memory-sweep/runs/linear-write-dramsim3-4GiBps
dramsim3,DDR4_4Gb_x8_2400_1rank_4GiB,linear-write,0,8.589934592,8.5376,6.326552098950526,,6.326552098950526,2668.0,170752.0,2e-05,146851.0,linear-write-dramsim3-8GiBps,True,8GiB/s,8.0,7.9512596130371085,0.0,8.5376,0.0,2668.0,2668.0,173.0,146851.0,6326.552098950525,20000000.0,0.01,2926115582.0,0.1930110280009103,,,,,,,8.537459131924324,,,board.processor.cores.generator has encountered the exit state and will terminate the simulation.,m5out/ddr4-2400-4gb-x8-memory-sweep/runs/linear-write-dramsim3-8GiBps
dramsim3,DDR4_4Gb_x8_2400_1rank_4GiB,linear-write,0,12.884901888,12.681599999999998,7.731663133989404,,7.731663133989404,3963.0,253632.0,2e-05,930886.0,linear-write-dramsim3-12GiBps,True,12GiB/s,12.0,11.81066036224365,0.0,12.681599999999998,0.0,3963.0,3964.0,991.0,930886.0,7731.663133989402,20000000.0,0.01,2370229912.0,0.1973828379996121,,,,,,,12.684590704253381,,,board.processor.cores.generator has encountered the exit state and will terminate the simulation.,m5out/ddr4-2400-4gb-x8-memory-sweep/runs/linear-write-dramsim3-12GiBps
dramsim3,DDR4_4Gb_x8_2400_1rank_4GiB,linear-write,0,17.179869184,15.404799999999998,8.174690693809724,,8.174690693809724,4814.0,308096.0,2e-05,6729526.0,linear-write-dramsim3-16GiBps,True,16GiB/s,16.0,14.346837997436522,0.0,15.404799999999998,0.0,4814.0,4816.0,6868.0,6729526.0,8174.690693809722,20000000.0,0.01,1492871538.0,0.19751686400013568,,,,,,,15.40774577219476,,,board.processor.cores.generator has encountered the exit state and will terminate the simulation.,m5out/ddr4-2400-4gb-x8-memory-sweep/runs/linear-write-dramsim3-16GiBps
dramsim3,DDR4_4Gb_x8_2400_1rank_4GiB,linear-write,0,21.47483648,15.424375796791608,9.519351800296652,,9.519351800296652,4821.0,308544.0,2e-05,13707591.0,linear-write-dramsim3-20GiBps,True,20GiB/s,20.0,14.365069378904634,0.0,15.424375796791608,0.0,4821.0,4822.0,13936.0,13707591.0,9521.094793611284,20003662.0,0.01,1340458487.0,0.20382563800012576,,,,,,,15.423733515892303,,,board.processor.cores.generator has encountered the exit state and will terminate the simulation.,m5out/ddr4-2400-4gb-x8-memory-sweep/runs/linear-write-dramsim3-20GiBps
dramsim3,DDR4_4Gb_x8_2400_1rank_4GiB,linear-write,0,25.769803776,15.424375796791608,10.381619764292763,,10.381619764292763,4821.0,308544.0,2e-05,17793769.0,linear-write-dramsim3-24GiBps,True,24GiB/s,24.0,14.365069378904634,0.0,15.424375796791608,0.0,4821.0,4823.0,17579.0,17793769.0,10383.520638871603,20003662.0,0.02,1292977959.0,0.2051461039991409,,,,,,,15.426932796853908,,,board.processor.cores.generator has encountered the exit state and will terminate the simulation.,m5out/ddr4-2400-4gb-x8-memory-sweep/runs/linear-write-dramsim3-24GiBps
dramsim3,DDR4_4Gb_x8_2400_1rank_4GiB,linear-write,0,30.064771072,15.429502774413667,10.639781960304061,,10.639781960304061,4822.0,308608.0,2e-05,18757813.0,linear-write-dramsim3-28GiBps,True,28GiB/s,28.0,14.369844248903606,0.0,15.429502774413667,0.0,4822.0,4823.0,18602.0,18757813.0,10640.400663625052,20001163.0,0.02,1305985178.0,0.2020034979996126,,,,,,,15.428860199752066,,,board.processor.cores.generator has encountered the exit state and will terminate the simulation.,m5out/ddr4-2400-4gb-x8-memory-sweep/runs/linear-write-dramsim3-28GiBps
dramsim3,DDR4_4Gb_x8_2400_1rank_4GiB,linear-write,0,34.359738368,15.42757521097887,10.750464190587378,,10.750464190587378,4822.0,308608.0,2e-05,19335789.0,linear-write-dramsim3-32GiBps,True,32GiB/s,32.0,14.368049065562776,0.0,15.42757521097887,0.0,4822.0,4824.0,19014.0,19335789.0,10752.432600580672,20003662.0,0.02,1322468729.0,0.19823372199971345,,,,,,,15.43013207781551,,,board.processor.cores.generator has encountered the exit state and will terminate the simulation.,m5out/ddr4-2400-4gb-x8-memory-sweep/runs/linear-write-dramsim3-32GiBps
gem5,DDR4_2400_8x8_4GiB,linear-mixed,50,1.073741824,1.0688,33.01493413173653,49.44940000000001,20.406481481481485,334.0,21376.0,2e-05,0.0,linear-mixed-gem5-1GiBps,True,1GiB/s,1.0,0.9953975677490234,0.464,0.6048,145.0,189.0,335.0,0.0,0.0,33014.934131736525,20000000.0,0.0,7296607078.0,0.19198694799888472,5.55,19.880670000000002,20.139999232,,,,,,,board.processor.cores.generator has encountered the exit state and will terminate the simulation.,m5out/ddr4-2400-4gb-x8-memory-sweep/runs/linear-mixed-gem5-1GiBps
gem5,DDR4_2400_8x8_4GiB,linear-mixed,50,2.147483648,2.144,36.02549552238807,52.79059752321982,20.419939481268017,670.0,42880.0,2e-05,0.0,linear-mixed-gem5-2GiBps,True,2GiB/s,2.0,1.996755599975586,1.0336,1.1104,323.0,347.0,671.0,0.0,0.0,36025.49552238806,20000000.0,0.0,6818956700.0,0.1944215469993651,11.03,23.262690000000003,20.139999232,,,,,,,board.processor.cores.generator has encountered the exit state and will terminate the simulation.,m5out/ddr4-2400-4gb-x8-memory-sweep/runs/linear-mixed-gem5-2GiBps
gem5,DDR4_2400_8x8_4GiB,linear-mixed,50,4.294967296,4.2848,37.48859073935774,56.00910280373833,20.429525107604025,1339.0,85696.0,2e-05,0.0,linear-mixed-gem5-4GiBps,True,4GiB/s,4.0,3.9905309677124023,2.0544,2.2304,642.0,697.0,1342.0,0.0,0.0,37488.59073935773,20000000.0,0.0,5737234653.0,0.19622799300123006,22.31,26.481060000000006,20.139999232,,,,,,,board.processor.cores.generator has encountered the exit state and will terminate the simulation.,m5out/ddr4-2400-4gb-x8-memory-sweep/runs/linear-mixed-gem5-4GiBps
gem5,DDR4_2400_8x8_4GiB,linear-mixed,50,8.589934592,8.5312,43.92681995498876,68.2012572519084,20.475851769911507,2666.0,170624.0,2e-05,75770.0,linear-mixed-gem5-8GiBps,True,8GiB/s,8.0,7.94529914855957,4.192,4.3392,1310.0,1356.0,2675.0,2.0,75770.0,43926.81995498875,20000000.0,0.0,4359197908.0,0.1939214699996228,44.42,38.763670000000005,20.139999232,,,,,,,board.processor.cores.generator has encountered the exit state and will terminate the simulation.,m5out/ddr4-2400-4gb-x8-memory-sweep/runs/linear-mixed-gem5-8GiBps
gem5,DDR4_2400_8x8_4GiB,linear-mixed,50,12.884901888,12.707199999999998,52.229542180810896,84.46224936516,20.52814335664336,3971.0,254144.0,2e-05,242722.0,linear-mixed-gem5-12GiBps,True,12GiB/s,12.0,11.834502220153807,6.300799999999999,6.406399999999999,1969.0,2002.0,3981.0,6.0,242722.0,52229.54218081088,20000000.0,0.01,3305238804.0,0.19930146299884655,66.21,55.08203000000001,20.139999232,,,,,,,board.processor.cores.generator has encountered the exit state and will terminate the simulation.,m5out/ddr4-2400-4gb-x8-memory-sweep/runs/linear-mixed-gem5-12GiBps
gem5,DDR4_2400_8x8_4GiB,linear-mixed,50,17.179869184,15.772799999999998,97.40410468654902,173.3741502024292,21.094217568117127,4929.0,315456.0,2e-05,2184837.0,linear-mixed-gem5-16GiBps,True,16GiB/s,16.0,14.689564704895018,7.903999999999999,7.868799999999999,2470.0,2459.0,4966.0,334.0,2184837.0,97404.10468654899,20000000.0,0.01,2859593938.0,0.19048811800166732,82.02,143.68369000000004,20.139999232,,,,,,,board.processor.cores.generator has encountered the exit state and will terminate the simulation.,m5out/ddr4-2400-4gb-x8-memory-sweep/runs/linear-mixed-gem5-16GiBps
gem5,DDR4_2400_8x8_4GiB,linear-mixed,50,21.47483648,15.782399999999997,112.00857319545825,201.2112423139159,22.37076910569106,4932.0,315648.0,2e-05,6653666.0,linear-mixed-gem5-20GiBps,True,20GiB/s,20.0,14.698505401611326,7.910399999999999,7.871999999999999,2472.0,2460.0,4969.0,828.0,6653666.0,112008.57319545823,20000000.0,0.01,2716284123.0,0.1951154519992997,82.05,170.94154000000006,20.139999232,,,,,,,board.processor.cores.generator has encountered the exit state and will terminate the simulation.,m5out/ddr4-2400-4gb-x8-memory-sweep/runs/linear-mixed-gem5-20GiBps
gem5,DDR4_2400_8x8_4GiB,linear-mixed,50,25.769803776,15.833599999999999,118.08325080840747,212.3999359387591,23.15461638280617,4948.0,316672.0,2e-05,9461374.0,linear-mixed-gem5-24GiBps,True,24GiB/s,24.0,14.746189117431639,7.942399999999999,7.891199999999999,2482.0,2466.0,4987.0,1497.0,9461374.0,118083.25080840744,20000000.0,0.01,2715546504.0,0.1886383860000933,82.2,181.76386000000002,20.139999232,,,,,,,board.processor.cores.generator has encountered the exit state and will terminate the simulation.,m5out/ddr4-2400-4gb-x8-memory-sweep/runs/linear-mixed-gem5-24GiBps
gem5,DDR4_2400_8x8_4GiB,linear-mixed,50,30.064771072,15.795199999999998,120.64979781199354,217.383542660736,23.523305318717018,4936.0,315904.0,2e-05,11629472.0,linear-mixed-gem5-28GiBps,True,28GiB/s,28.0,14.710426330566404,7.913599999999999,7.881599999999999,2473.0,2463.0,4979.0,2713.0,11629472.0,120649.79781199351,20000000.0,0.01,2638174383.0,0.19156898599976557,82.09,186.14706000000004,20.139999232,,,,,,,board.processor.cores.generator has encountered the exit state and will terminate the simulation.,m5out/ddr4-2400-4gb-x8-memory-sweep/runs/linear-mixed-gem5-28GiBps
gem5,DDR4_2400_8x8_4GiB,linear-mixed,50,34.359738368,15.819500457569271,122.80646366662445,221.29043569377532,23.804364712580437,4955.0,317120.0,2e-05,13759205.0,linear-mixed-gem5-32GiBps,True,32GiB/s,32.0,14.733057895274154,7.930502348456523,7.888998109112749,2484.0,2471.0,4988.0,3921.0,13759205.0,123089.80887991928,20046145.0,0.01,2643912556.0,0.19178878999991866,82.21,190.38076398230183,20.139999232,,,,,,,board.processor.cores.generator has encountered the exit state and will terminate the simulation.,m5out/ddr4-2400-4gb-x8-memory-sweep/runs/linear-mixed-gem5-32GiBps
dramsys,JEDEC_4Gb_DDR4-2400_8bit_A,linear-mixed,50,1.073741824,1.072,32.44194925373135,30.066965753424665,34.2765925925926,335.0,21440.0,2e-05,0.0,linear-mixed-dramsys-1GiBps,True,1GiB/s,1.0,0.998377799987793,0.4672,0.6048,146.0,189.0,335.0,0.0,0.0,32441.94925373134,20000000.0,0.0,4216740460.0,0.18634839600053965,,,,1.07,19.21,DDR4,,,,board.processor.cores.generator has encountered the exit state and will terminate the simulation.,m5out/ddr4-2400-4gb-x8-memory-sweep/runs/linear-mixed-dramsys-1GiBps
dramsys,JEDEC_4Gb_DDR4-2400_8bit_A,linear-mixed,50,2.147483648,2.144,32.16882985074628,32.28796594427245,32.05793371757926,670.0,42880.0,2e-05,0.0,linear-mixed-dramsys-2GiBps,True,2GiB/s,2.0,1.996755599975586,1.0336,1.1104,323.0,347.0,671.0,0.0,0.0,32168.829850746268,20000000.0,0.01,3080240259.0,0.18901633099994797,,,,2.14,19.21,DDR4,,,,board.processor.cores.generator has encountered the exit state and will terminate the simulation.,m5out/ddr4-2400-4gb-x8-memory-sweep/runs/linear-mixed-dramsys-2GiBps
dramsys,JEDEC_4Gb_DDR4-2400_8bit_A,linear-mixed,50,4.294967296,4.288,34.21664104477613,35.59783825816486,32.94245193687232,1340.0,85760.0,2e-05,0.0,linear-mixed-dramsys-4GiBps,True,4GiB/s,4.0,3.993511199951172,2.0576,2.2304,643.0,697.0,1342.0,0.0,0.0,34216.64104477612,20000000.0,0.01,1812907904.0,0.193873005999194,,,,4.29,19.21,DDR4,,,,board.processor.cores.generator has encountered the exit state and will terminate the simulation.,m5out/ddr4-2400-4gb-x8-memory-sweep/runs/linear-mixed-dramsys-4GiBps
dramsys,JEDEC_4Gb_DDR4-2400_8bit_A,linear-mixed,50,8.589934592,8.513995695308898,59.000209474860576,71.69752683402719,46.70672691335976,2661.0,170304.0,2e-05,19521741.0,linear-mixed-dramsys-8GiBps,True,8GiB/s,8.0,7.929276391220184,4.188207578038086,4.325788117270812,1309.0,1352.0,2668.0,5222.0,19521741.0,59008.5550544908,20002829.0,0.02,941531137.0,0.2087147019992699,,,,8.51,19.21,DDR4,,,,board.processor.cores.generator has encountered the exit state and will terminate the simulation.,m5out/ddr4-2400-4gb-x8-memory-sweep/runs/linear-mixed-dramsys-8GiBps
dramsys,JEDEC_4Gb_DDR4-2400_8bit_A,linear-mixed,50,12.884901888,8.515422156871741,58.8192787569715,71.51386564698477,46.519050335434976,2662.0,170368.0,2e-05,19994654.0,linear-mixed-dramsys-12GiBps,True,12GiB/s,12.0,7.930604887075482,4.1905345700608505,4.324887586810892,1310.0,1352.0,2669.0,5334.0,19994654.0,58839.847858752815,20006994.0,0.02,951264454.0,0.20799214700127777,,,,8.52,19.21,DDR4,,,,board.processor.cores.generator has encountered the exit state and will terminate the simulation.,m5out/ddr4-2400-4gb-x8-memory-sweep/runs/linear-mixed-dramsys-12GiBps
dramsys,JEDEC_4Gb_DDR4-2400_8bit_A,linear-mixed,50,17.179869184,8.51577671498295,58.82340499479459,71.51841531704709,46.52276629497893,2662.0,170368.0,2e-05,19998711.0,linear-mixed-dramsys-16GiBps,True,16GiB/s,16.0,7.930935095048463,4.1907090520765085,4.3250676629064415,1310.0,1352.0,2669.0,5335.0,19998711.0,58841.52554470323,20006161.0,0.02,954583500.0,0.20794497599854367,,,,8.52,19.21,DDR4,,,,board.processor.cores.generator has encountered the exit state and will terminate the simulation.,m5out/ddr4-2400-4gb-x8-memory-sweep/runs/linear-mixed-dramsys-16GiBps
dramsys,JEDEC_4Gb_DDR4-2400_8bit_A,linear-mixed,50,21.47483648,8.51613130262098,58.82606802924111,71.52182750118423,46.52470345213645,2662.0,170368.0,2e-05,19999368.0,linear-mixed-dramsys-20GiBps,True,20GiB/s,20.0,7.931265330520441,4.190883548622647,4.325247753998335,1310.0,1352.0,2669.0,5335.0,19999368.0,58841.73929376409,20005328.0,0.02,926258357.0,0.20965785600128584,,,,8.52,19.21,DDR4,,,,board.processor.cores.generator has encountered the exit state and will terminate the simulation.,m5out/ddr4-2400-4gb-x8-memory-sweep/runs/linear-mixed-dramsys-20GiBps
dramsys,JEDEC_4Gb_DDR4-2400_8bit_A,linear-mixed,50,25.769803776,8.516485919789528,58.828450732444686,71.52466986861496,46.5266407706229,2662.0,170368.0,2e-05,19999527.0,linear-mixed-dramsys-24GiBps,True,24GiB/s,24.0,7.931595593494854,4.191058059701082,4.325427860088444,1310.0,1352.0,2669.0,5335.0,19999527.0,58841.67242674681,20004495.0,0.02,937593504.0,0.20459008099896892,,,,8.52,19.21,DDR4,,,,board.processor.cores.generator has encountered the exit state and will terminate the simulation.,m5out/ddr4-2400-4gb-x8-memory-sweep/runs/linear-mixed-dramsys-24GiBps
dramsys,JEDEC_4Gb_DDR4-2400_8bit_A,linear-mixed,50,30.064771072,8.516485919789528,58.82885071767949,71.52548266303866,46.5266407706229,2662.0,170368.0,2e-05,20000237.0,linear-mixed-dramsys-28GiBps,True,28GiB/s,28.0,7.931595593494854,4.191058059701082,4.325427860088444,1310.0,1352.0,2669.0,5335.0,20000237.0,58842.07250187829,20004495.0,0.02,963004621.0,0.20650974399904953,,,,8.52,19.21,DDR4,,,,board.processor.cores.generator has encountered the exit state and will terminate the simulation.,m5out/ddr4-2400-4gb-x8-memory-sweep/runs/linear-mixed-dramsys-28GiBps
dramsys,JEDEC_4Gb_DDR4-2400_8bit_A,linear-mixed,50,34.359738368,8.516485919789528,58.82915042492584,71.52609168646599,46.5266407706229,2662.0,170368.0,2e-05,20000769.0,linear-mixed-dramsys-32GiBps,True,32GiB/s,32.0,7.931595593494854,4.191058059701082,4.325427860088444,1310.0,1352.0,2669.0,5335.0,20000769.0,58842.372276483846,20004495.0,0.02,937329913.0,0.21464815599938447,,,,8.52,19.21,DDR4,,,,board.processor.cores.generator has encountered the exit state and will terminate the simulation.,m5out/ddr4-2400-4gb-x8-memory-sweep/runs/linear-mixed-dramsys-32GiBps
dramsim3,DDR4_4Gb_x8_2400_1rank_4GiB,linear-mixed,50,1.073741824,1.072,18.16408059701493,29.2796095890411,9.577481481481485,335.0,21440.0,2e-05,0.0,linear-mixed-dramsim3-1GiBps,True,1GiB/s,1.0,0.998377799987793,0.4672,0.6048,146.0,189.0,335.0,0.0,0.0,18164.080597014927,20000000.0,0.0,4341219883.0,0.18669594100174436,,,,,,,1.0719823122918473,19.70672602739726,0.9657534246575342,board.processor.cores.generator has encountered the exit state and will terminate the simulation.,m5out/ddr4-2400-4gb-x8-memory-sweep/runs/linear-mixed-dramsim3-1GiBps
dramsim3,DDR4_4Gb_x8_2400_1rank_4GiB,linear-mixed,50,2.147483648,2.144,21.552431343283587,34.482650154798776,9.516521613832854,670.0,42880.0,2e-05,0.0,linear-mixed-dramsim3-2GiBps,True,2GiB/s,2.0,1.996755599975586,1.0336,1.1104,323.0,347.0,671.0,0.0,0.0,21552.43134328358,20000000.0,0.0,4065867046.0,0.18750192600055016,,,,,,,2.1471645717845655,25.072526315789474,0.9752321981424149,board.processor.cores.generator has encountered the exit state and will terminate the simulation.,m5out/ddr4-2400-4gb-x8-memory-sweep/runs/linear-mixed-dramsim3-2GiBps
dramsim3,DDR4_4Gb_x8_2400_1rank_4GiB,linear-mixed,50,4.294967296,4.288,22.9804656716418,37.62268895800934,9.472647058823531,1340.0,85760.0,2e-05,0.0,linear-mixed-dramsim3-4GiBps,True,4GiB/s,4.0,3.993511199951172,2.0576,2.2304,643.0,697.0,1342.0,0.0,0.0,22980.465671641792,20000000.0,0.01,3531696980.0,0.18885475500064786,,,,,,,4.29112919636826,29.42705287713841,0.9798136645962733,board.processor.cores.generator has encountered the exit state and will terminate the simulation.,m5out/ddr4-2400-4gb-x8-memory-sweep/runs/linear-mixed-dramsim3-4GiBps
dramsim3,DDR4_4Gb_x8_2400_1rank_4GiB,linear-mixed,50,8.589934592,8.5664,32.413846843481515,58.26098101746395,7.383938235294119,2677.0,171328.0,2e-05,0.0,linear-mixed-dramsim3-8GiBps,True,8GiB/s,8.0,7.978081703186035,4.2144,4.352,1317.0,1360.0,2684.0,0.0,0.0,32413.846843481508,20000000.0,0.01,2814522938.0,0.19287934499880066,,,,,,,8.575858498334778,50.674692949203944,0.9856278366111951,board.processor.cores.generator has encountered the exit state and will terminate the simulation.,m5out/ddr4-2400-4gb-x8-memory-sweep/runs/linear-mixed-dramsim3-8GiBps
dramsim3,DDR4_4Gb_x8_2400_1rank_4GiB,linear-mixed,50,12.884901888,12.537599999999998,55.64801480347117,104.34149561629708,7.938737746336535,3918.0,250752.0,2e-05,566485.0,linear-mixed-dramsim3-12GiBps,True,12GiB/s,12.0,11.676549911499022,6.204799999999999,6.332799999999999,1939.0,1979.0,3926.0,228.0,566485.0,55648.01480347116,20000000.0,0.01,2054020746.0,0.19193512700076099,,,,,,,12.540593080214178,97.06167525773196,0.9886831275720165,board.processor.cores.generator has encountered the exit state and will terminate the simulation.,m5out/ddr4-2400-4gb-x8-memory-sweep/runs/linear-mixed-dramsim3-12GiBps
dramsim3,DDR4_4Gb_x8_2400_1rank_4GiB,linear-mixed,50,17.179869184,14.33270955734526,108.94679790025678,210.89458705685522,8.083559692132825,4488.0,287232.0,2e-05,3997032.0,linear-mixed-dramsim3-16GiBps,True,16GiB/s,16.0,13.348375966162662,7.128032025845503,7.2046775314997555,2232.0,2256.0,4521.0,1157.0,3997032.0,109166.40196078431,20040314.0,0.01,1591006192.0,0.19210420099989278,,,,,,,14.33850068561445,203.47162264995524,0.9906208128628852,board.processor.cores.generator has encountered the exit state and will terminate the simulation.,m5out/ddr4-2400-4gb-x8-memory-sweep/runs/linear-mixed-dramsim3-16GiBps
dramsim3,DDR4_4Gb_x8_2400_1rank_4GiB,linear-mixed,50,21.47483648,14.447999999999999,122.54850786267998,236.26906705150984,9.38072205037561,4515.0,288960.0,2e-05,8103392.0,linear-mixed-dramsim3-20GiBps,True,20GiB/s,20.0,13.455748558044432,7.2063999999999995,7.241599999999999,2252.0,2263.0,4537.0,1545.0,8103392.0,122548.50786267995,20000000.0,0.01,1479180534.0,0.1956006759992306,,,,,,,14.454161506335147,227.8979991119005,0.9915630550621669,board.processor.cores.generator has encountered the exit state and will terminate the simulation.,m5out/ddr4-2400-4gb-x8-memory-sweep/runs/linear-mixed-dramsim3-20GiBps
dramsim3,DDR4_4Gb_x8_2400_1rank_4GiB,linear-mixed,50,25.769803776,14.396799999999999,131.51220315625696,254.3917753009363,9.340713652482272,4499.0,287936.0,2e-05,10705973.0,linear-mixed-dramsim3-24GiBps,True,24GiB/s,24.0,13.40806484222412,7.177599999999999,7.219199999999999,2243.0,2256.0,4523.0,1909.0,10705973.0,131512.20315625693,20000000.0,0.01,1510459935.0,0.19265749400074128,,,,,,,14.406162298322078,245.33557575757573,0.989773232547799,board.processor.cores.generator has encountered the exit state and will terminate the simulation.,m5out/ddr4-2400-4gb-x8-memory-sweep/runs/linear-mixed-dramsim3-24GiBps
dramsim3,DDR4_4Gb_x8_2400_1rank_4GiB,linear-mixed,50,30.064771072,14.443491398709842,133.1953178353259,257.9854188572629,10.257995605854342,4546.0,290944.0,2e-05,12951027.0,linear-mixed-dramsim3-28GiBps,True,28GiB/s,28.0,13.45154959588297,7.167733522984911,7.275757875724932,2256.0,2290.0,4579.0,3895.0,12951027.0,134151.70017597888,20143606.0,0.01,1430857082.0,0.19744640099997923,,,,,,,14.449248251589434,250.89126262178917,0.9880689350419797,board.processor.cores.generator has encountered the exit state and will terminate the simulation.,m5out/ddr4-2400-4gb-x8-memory-sweep/runs/linear-mixed-dramsim3-28GiBps
dramsim3,DDR4_4Gb_x8_2400_1rank_4GiB,linear-mixed,50,34.359738368,14.657737157831646,137.51823267666788,266.9757919955363,10.13513403116375,4581.0,293184.0,2e-05,14639912.0,linear-mixed-dramsim3-32GiBps,True,32GiB/s,32.0,13.651081507868735,7.269674486486248,7.3880626713453985,2272.0,2309.0,4614.0,4710.0,14639912.0,137531.95699628902,20001996.0,0.01,1400896204.0,0.227272020001692,,,,,,,14.666725391693346,257.2365540897097,0.9877031181379008,board.processor.cores.generator has encountered the exit state and will terminate the simulation.,m5out/ddr4-2400-4gb-x8-memory-sweep/runs/linear-mixed-dramsim3-32GiBps
gem5,DDR4_2400_8x8_4GiB,random-read,100,1.073741824,1.0688,75.44805389221558,75.44805389221558,,334.0,21376.0,2e-05,0.0,random-read-gem5-1GiBps,True,1GiB/s,1.0,0.9953975677490234,1.0688,0.0,334.0,0.0,335.0,0.0,0.0,75448.05389221557,20000000.0,0.0,6908462867.0,0.1939823789998627,5.58,45.88719000000001,20.139999232,,,,,,,board.processor.cores.generator has encountered the exit state and will terminate the simulation.,m5out/ddr4-2400-4gb-x8-memory-sweep/runs/random-read-gem5-1GiBps
gem5,DDR4_2400_8x8_4GiB,random-read,100,2.147483648,2.1376,78.2198278443114,78.2198278443114,,668.0,42752.0,2e-05,0.0,random-read-gem5-2GiBps,True,2GiB/s,2.0,1.9907951354980469,2.1376,0.0,668.0,0.0,671.0,0.0,0.0,78219.82784431138,20000000.0,0.0,5431830527.0,0.20281301599970902,11.18,48.65474000000001,20.139999232,,,,,,,board.processor.cores.generator has encountered the exit state and will terminate the simulation.,m5out/ddr4-2400-4gb-x8-memory-sweep/runs/random-read-gem5-2GiBps
gem5,DDR4_2400_8x8_4GiB,random-read,100,4.294967296,4.2784,88.18641361256547,88.18641361256547,,1337.0,85568.0,2e-05,0.0,random-read-gem5-4GiBps,True,4GiB/s,4.0,3.9845705032348633,4.2784,0.0,1337.0,0.0,1342.0,0.0,0.0,88186.41361256545,20000000.0,0.0,4034698406.0,0.20934821199989528,22.36,58.76118000000002,20.139999232,,,,,,,board.processor.cores.generator has encountered the exit state and will terminate the simulation.,m5out/ddr4-2400-4gb-x8-memory-sweep/runs/random-read-gem5-4GiBps
gem5,DDR4_2400_8x8_4GiB,random-read,100,8.589934592,8.428799999999999,109.06834586180716,109.06834586180716,,2634.0,168576.0,2e-05,287346.0,random-read-gem5-8GiBps,True,8GiB/s,8.0,7.849931716918944,8.428799999999999,0.0,2634.0,0.0,2648.0,6.0,287346.0,109068.34586180713,20000000.0,0.01,2651464934.0,0.21302558499883162,44.08,79.77458000000001,20.139999232,,,,,,,board.processor.cores.generator has encountered the exit state and will terminate the simulation.,m5out/ddr4-2400-4gb-x8-memory-sweep/runs/random-read-gem5-8GiBps
gem5,DDR4_2400_8x8_4GiB,random-read,100,12.884901888,11.4176,207.14572505605386,207.14572505605386,,3568.0,228352.0,2e-05,11533120.0,random-read-gem5-12GiBps,True,12GiB/s,12.0,10.633468627929688,11.4176,0.0,3568.0,0.0,3605.0,4204.0,11533120.0,207145.7250560538,20000000.0,0.01,2193704069.0,0.20456776500031992,59.68,174.85606000000004,20.139999232,,,,,,,board.processor.cores.generator has encountered the exit state and will terminate the simulation.,m5out/ddr4-2400-4gb-x8-memory-sweep/runs/random-read-gem5-12GiBps
gem5,DDR4_2400_8x8_4GiB,random-read,100,17.179869184,11.420006423753613,211.6327253692717,211.6327253692717,,3570.0,228480.0,2e-05,18576198.0,random-read-gem5-16GiBps,True,16GiB/s,16.0,10.635709784695518,11.420006423753613,0.0,3570.0,0.0,3607.0,6860.0,18576198.0,211706.73333333334,20006994.0,0.01,2009137779.0,0.20806734600046184,59.67,177.31451311476377,20.139999232,,,,,,,board.processor.cores.generator has encountered the exit state and will terminate the simulation.,m5out/ddr4-2400-4gb-x8-memory-sweep/runs/random-read-gem5-16GiBps
gem5,DDR4_2400_8x8_4GiB,random-read,100,21.47483648,11.419660317900272,212.35668267866404,212.35668267866404,,3569.0,228416.0,2e-05,19858956.0,random-read-gem5-20GiBps,True,20GiB/s,20.0,10.635387448501096,11.419660317900272,0.0,3569.0,0.0,3607.0,7119.0,19858956.0,212377.8758755954,20001996.0,0.01,2078993452.0,0.19839958800002933,59.69,177.69156638167507,20.139999232,,,,,,,board.processor.cores.generator has encountered the exit state and will terminate the simulation.,m5out/ddr4-2400-4gb-x8-memory-sweep/runs/random-read-gem5-20GiBps
gem5,DDR4_2400_8x8_4GiB,random-read,100,25.769803776,11.419660317900272,212.49713377792344,212.49713377792344,,3569.0,228416.0,2e-05,19902636.0,random-read-gem5-24GiBps,True,24GiB/s,24.0,10.635387448501096,11.419660317900272,0.0,3569.0,0.0,3607.0,7135.0,19902636.0,212518.3409918745,20001996.0,0.01,2110360414.0,0.19843018600113282,59.69,177.81927363649106,20.139999232,,,,,,,board.processor.cores.generator has encountered the exit state and will terminate the simulation.,m5out/ddr4-2400-4gb-x8-memory-sweep/runs/random-read-gem5-24GiBps
gem5,DDR4_2400_8x8_4GiB,random-read,100,30.064771072,11.419660317900272,212.5722938308868,212.5722938308868,,3569.0,228416.0,2e-05,19925352.0,random-read-gem5-28GiBps,True,28GiB/s,28.0,10.635387448501096,11.419660317900272,0.0,3569.0,0.0,3607.0,7143.0,19925352.0,212593.50854581114,20001996.0,0.01,1994813603.0,0.21144488800018735,59.69,177.88710686673465,20.139999232,,,,,,,board.processor.cores.generator has encountered the exit state and will terminate the simulation.,m5out/ddr4-2400-4gb-x8-memory-sweep/runs/random-read-gem5-28GiBps
gem5,DDR4_2400_8x8_4GiB,random-read,100,34.359738368,11.427355752427554,212.460017392688,212.460017392688,,3572.0,228608.0,2e-05,19936397.0,random-read-gem5-32GiBps,True,32GiB/s,32.0,10.642554380397828,11.427355752427554,0.0,3572.0,0.0,3609.0,7145.0,19936397.0,212516.6167413214,20005328.0,0.01,2209800950.0,0.19975166199947125,59.71,177.78303859851738,20.139999232,,,,,,,board.processor.cores.generator has encountered the exit state and will terminate the simulation.,m5out/ddr4-2400-4gb-x8-memory-sweep/runs/random-read-gem5-32GiBps
dramsys,JEDEC_4Gb_DDR4-2400_8bit_A,random-read,100,1.073741824,1.0688,55.476005988023964,55.476005988023964,,334.0,21376.0,2e-05,0.0,random-read-dramsys-1GiBps,True,1GiB/s,1.0,0.9953975677490234,1.0688,0.0,334.0,0.0,335.0,0.0,0.0,55476.00598802395,20000000.0,0.01,3333888981.0,0.20855777600081638,,,,1.07,19.21,DDR4,,,,board.processor.cores.generator has encountered the exit state and will terminate the simulation.,m5out/ddr4-2400-4gb-x8-memory-sweep/runs/random-read-dramsys-1GiBps
dramsys,JEDEC_4Gb_DDR4-2400_8bit_A,random-read,100,2.147483648,2.1408,58.16118684603888,58.16118684603888,,669.0,42816.0,2e-05,0.0,random-read-dramsys-2GiBps,True,2GiB/s,2.0,1.9937753677368164,2.1408,0.0,669.0,0.0,671.0,0.0,0.0,58161.186846038865,20000000.0,0.01,2187944426.0,0.22054568599924096,,,,2.14,19.21,DDR4,,,,board.processor.cores.generator has encountered the exit state and will terminate the simulation.,m5out/ddr4-2400-4gb-x8-memory-sweep/runs/random-read-dramsys-2GiBps
dramsys,JEDEC_4Gb_DDR4-2400_8bit_A,random-read,100,4.294967296,4.2784,64.65245026178012,64.65245026178012,,1337.0,85568.0,2e-05,0.0,random-read-dramsys-4GiBps,True,4GiB/s,4.0,3.9845705032348633,4.2784,0.0,1337.0,0.0,1342.0,0.0,0.0,64652.450261780104,20000000.0,0.02,1285016705.0,0.23185843999999634,,,,4.28,19.21,DDR4,,,,board.processor.cores.generator has encountered the exit state and will terminate the simulation.,m5out/ddr4-2400-4gb-x8-memory-sweep/runs/random-read-dramsys-4GiBps
dramsys,JEDEC_4Gb_DDR4-2400_8bit_A,random-read,100,8.589934592,8.510796147884882,91.58369999691362,91.58369999691362,,2660.0,170240.0,2e-05,19521741.0,random-read-dramsys-8GiBps,True,8GiB/s,8.0,7.926296580475645,8.510796147884882,0.0,2660.0,0.0,2668.0,5209.0,19521741.0,91596.65451127819,20002829.0,0.03,648789498.0,0.22399542099992686,,,,8.51,19.21,DDR4,,,,board.processor.cores.generator has encountered the exit state and will terminate the simulation.,m5out/ddr4-2400-4gb-x8-memory-sweep/runs/random-read-dramsys-8GiBps
dramsys,JEDEC_4Gb_DDR4-2400_8bit_A,random-read,100,12.884901888,8.512223275520551,92.34562969458855,92.34562969458855,,2661.0,170304.0,2e-05,19994654.0,random-read-dramsys-12GiBps,True,12GiB/s,12.0,7.927625696659601,8.512223275520551,0.0,2661.0,0.0,2669.0,5334.0,19994654.0,92377.92296129274,20006994.0,0.03,627591643.0,0.234395453999241,,,,8.51,19.21,DDR4,,,,board.processor.cores.generator has encountered the exit state and will terminate the simulation.,m5out/ddr4-2400-4gb-x8-memory-sweep/runs/random-read-dramsys-12GiBps
dramsys,JEDEC_4Gb_DDR4-2400_8bit_A,random-read,100,17.179869184,8.512577700439378,92.35115250518594,92.35115250518594,,2661.0,170304.0,2e-05,19998711.0,random-read-dramsys-16GiBps,True,16GiB/s,16.0,7.927955780587512,8.512577700439378,0.0,2661.0,0.0,2669.0,5335.0,19998711.0,92379.60127771515,20006161.0,0.03,653924332.0,0.22529138500067347,,,,8.51,19.21,DDR4,,,,board.processor.cores.generator has encountered the exit state and will terminate the simulation.,m5out/ddr4-2400-4gb-x8-memory-sweep/runs/random-read-dramsys-16GiBps
dramsys,JEDEC_4Gb_DDR4-2400_8bit_A,random-read,100,21.47483648,8.512932154873942,91.87075449233357,91.87075449233357,,2661.0,170304.0,2e-05,19999368.0,random-read-dramsys-20GiBps,True,20GiB/s,20.0,7.928285892004093,8.512932154873942,0.0,2661.0,0.0,2669.0,5335.0,19999368.0,91895.22886133032,20005328.0,0.03,635311633.0,0.22472280100009812,,,,8.51,19.21,DDR4,,,,board.processor.cores.generator has encountered the exit state and will terminate the simulation.,m5out/ddr4-2400-4gb-x8-memory-sweep/runs/random-read-dramsys-20GiBps
dramsys,JEDEC_4Gb_DDR4-2400_8bit_A,random-read,100,25.769803776,8.513286638827923,91.87451317234903,91.87451317234903,,2661.0,170304.0,2e-05,19999527.0,random-read-dramsys-24GiBps,True,24GiB/s,24.0,7.9286160309127744,8.513286638827923,0.0,2661.0,0.0,2669.0,5335.0,19999527.0,91895.16196918451,20004495.0,0.03,609651510.0,0.24688848199912172,,,,8.51,19.21,DDR4,,,,board.processor.cores.generator has encountered the exit state and will terminate the simulation.,m5out/ddr4-2400-4gb-x8-memory-sweep/runs/random-read-dramsys-24GiBps
dramsys,JEDEC_4Gb_DDR4-2400_8bit_A,random-read,100,30.064771072,8.513286638827923,91.87491330789771,91.87491330789771,,2661.0,170304.0,2e-05,20000237.0,random-read-dramsys-28GiBps,True,28GiB/s,28.0,7.9286160309127744,8.513286638827923,0.0,2661.0,0.0,2669.0,5335.0,20000237.0,91895.56219466367,20004495.0,0.03,622785561.0,0.23231481299990264,,,,8.51,19.21,DDR4,,,,board.processor.cores.generator has encountered the exit state and will terminate the simulation.,m5out/ddr4-2400-4gb-x8-memory-sweep/runs/random-read-dramsys-28GiBps
dramsys,JEDEC_4Gb_DDR4-2400_8bit_A,random-read,100,34.359738368,8.513286638827923,91.87521312777362,91.87521312777362,,2661.0,170304.0,2e-05,20000769.0,random-read-dramsys-32GiBps,True,32GiB/s,32.0,7.9286160309127744,8.513286638827923,0.0,2661.0,0.0,2669.0,5335.0,20000769.0,91895.86208192409,20004495.0,0.03,617956722.0,0.23081689300124708,,,,8.51,19.21,DDR4,,,,board.processor.cores.generator has encountered the exit state and will terminate the simulation.,m5out/ddr4-2400-4gb-x8-memory-sweep/runs/random-read-dramsys-32GiBps
dramsim3,DDR4_4Gb_x8_2400_1rank_4GiB,random-read,100,1.073741824,1.0688,56.52598502994014,56.52598502994014,,334.0,21376.0,2e-05,0.0,random-read-dramsim3-1GiBps,True,1GiB/s,1.0,0.9953975677490234,1.0688,0.0,334.0,0.0,335.0,0.0,0.0,56525.98502994012,20000000.0,0.01,3992015968.0,0.1944835320009588,,,,,,,1.068782365090976,47.00963173652694,0.0,board.processor.cores.generator has encountered the exit state and will terminate the simulation.,m5out/ddr4-2400-4gb-x8-memory-sweep/runs/random-read-dramsim3-1GiBps
dramsim3,DDR4_4Gb_x8_2400_1rank_4GiB,random-read,100,2.147483648,2.1408,59.97411360239164,59.97411360239164,,669.0,42816.0,2e-05,0.0,random-read-dramsim3-2GiBps,True,2GiB/s,2.0,1.9937753677368164,2.1408,0.0,669.0,0.0,671.0,0.0,0.0,59974.113602391626,20000000.0,0.01,3321155762.0,0.20461272099964845,,,,,,,2.1407646773828235,50.48801793721973,0.0,board.processor.cores.generator has encountered the exit state and will terminate the simulation.,m5out/ddr4-2400-4gb-x8-memory-sweep/runs/random-read-dramsim3-2GiBps
dramsim3,DDR4_4Gb_x8_2400_1rank_4GiB,random-read,100,4.294967296,4.2784,64.33843979057593,64.33843979057593,,1337.0,85568.0,2e-05,0.0,random-read-dramsim3-4GiBps,True,4GiB/s,4.0,3.9845705032348633,4.2784,0.0,1337.0,0.0,1342.0,0.0,0.0,64338.43979057592,20000000.0,0.01,2718129927.0,0.2146577849998721,,,,,,,4.278329407564776,55.13936649214659,0.0,board.processor.cores.generator has encountered the exit state and will terminate the simulation.,m5out/ddr4-2400-4gb-x8-memory-sweep/runs/random-read-dramsim3-4GiBps
dramsim3,DDR4_4Gb_x8_2400_1rank_4GiB,random-read,100,8.589934592,8.4416,76.79671796815771,76.79671796815771,,2638.0,168832.0,2e-05,296474.0,random-read-dramsim3-8GiBps,True,8GiB/s,8.0,7.8618526458740225,8.4416,0.0,2638.0,0.0,2647.0,6.0,296474.0,76796.7179681577,20000000.0,0.01,2055709734.0,0.2069405349993758,,,,,,,8.441460715898188,68.6549253222138,0.0003787878787878788,board.processor.cores.generator has encountered the exit state and will terminate the simulation.,m5out/ddr4-2400-4gb-x8-memory-sweep/runs/random-read-dramsim3-8GiBps
dramsim3,DDR4_4Gb_x8_2400_1rank_4GiB,random-read,100,12.884901888,11.3952,178.4598921651222,178.4598921651222,,3561.0,227904.0,2e-05,10206880.0,random-read-dramsim3-12GiBps,True,12GiB/s,12.0,10.6126070022583,11.3952,0.0,3561.0,0.0,3592.0,3682.0,10206880.0,178459.89216512215,20000000.0,0.01,1373532038.0,0.21132688599936955,,,,,,,11.395011982302293,168.12120162875595,0.0016830294530154279,board.processor.cores.generator has encountered the exit state and will terminate the simulation.,m5out/ddr4-2400-4gb-x8-memory-sweep/runs/random-read-dramsim3-12GiBps
dramsim3,DDR4_4Gb_x8_2400_1rank_4GiB,random-read,100,17.179869184,11.410536477303845,182.42123292319673,182.42123292319673,,3566.0,228224.0,2e-05,15221869.0,random-read-dramsim3-16GiBps,True,16GiB/s,16.0,10.626890209786449,11.410536477303845,0.0,3566.0,0.0,3599.0,4735.0,15221869.0,182431.8407178912,20001163.0,0.01,1355000542.0,0.22403751000092598,,,,,,,11.416460637228406,170.7313811659193,0.0014001680201624195,board.processor.cores.generator has encountered the exit state and will terminate the simulation.,m5out/ddr4-2400-4gb-x8-memory-sweep/runs/random-read-dramsim3-16GiBps
dramsim3,DDR4_4Gb_x8_2400_1rank_4GiB,random-read,100,21.47483648,11.394062872525321,183.35438727539616,183.35438727539616,,3561.0,227904.0,2e-05,16285376.0,random-read-dramsim3-20GiBps,True,20GiB/s,20.0,10.611547969770918,11.394062872525321,0.0,3561.0,0.0,3594.0,4652.0,16285376.0,183372.68604324627,20001996.0,0.01,1437338028.0,0.20822461600073439,,,,,,,11.39998747177212,171.39740667976423,0.00112139052425007,board.processor.cores.generator has encountered the exit state and will terminate the simulation.,m5out/ddr4-2400-4gb-x8-memory-sweep/runs/random-read-dramsim3-20GiBps
dramsim3,DDR4_4Gb_x8_2400_1rank_4GiB,random-read,100,25.769803776,11.396313335028356,183.90974414942855,183.90974414942855,,3562.0,227968.0,2e-05,17568616.0,random-read-dramsim3-24GiBps,True,24GiB/s,24.0,10.61364387630332,11.396313335028356,0.0,3562.0,0.0,3595.0,6248.0,17568616.0,183943.41802358226,20003662.0,0.01,1425168282.0,0.20884986500095692,,,,,,,11.402237347156227,171.6856473063973,0.00112139052425007,board.processor.cores.generator has encountered the exit state and will terminate the simulation.,m5out/ddr4-2400-4gb-x8-memory-sweep/runs/random-read-dramsim3-24GiBps
dramsim3,DDR4_4Gb_x8_2400_1rank_4GiB,random-read,100,30.064771072,11.3967879243481,184.26367088410157,184.26367088410157,,3562.0,227968.0,2e-05,18600091.0,random-read-dramsim3-28GiBps,True,28GiB/s,28.0,10.614085872050468,11.3967879243481,0.0,3562.0,0.0,3595.0,6412.0,18600091.0,184289.73498034812,20002829.0,0.01,1390727178.0,0.20979088399872126,,,,,,,11.405911577590143,171.70595119214587,0.00112139052425007,board.processor.cores.generator has encountered the exit state and will terminate the simulation.,m5out/ddr4-2400-4gb-x8-memory-sweep/runs/random-read-dramsim3-28GiBps
dramsim3,DDR4_4Gb_x8_2400_1rank_4GiB,random-read,100,34.359738368,11.394889804195817,184.48395887985842,184.48395887985842,,3562.0,227968.0,2e-05,19406546.0,random-read-dramsim3-32GiBps,True,32GiB/s,32.0,10.612318109903313,11.394889804195817,0.0,3562.0,0.0,3595.0,7109.0,19406546.0,184540.78916339134,20006161.0,0.01,1445636318.0,0.207827141000962,,,,,,,11.400813135646466,171.5028734567901,0.00112139052425007,board.processor.cores.generator has encountered the exit state and will terminate the simulation.,m5out/ddr4-2400-4gb-x8-memory-sweep/runs/random-read-dramsim3-32GiBps
gem5,DDR4_2400_8x8_4GiB,random-mixed,50,1.073741824,1.072,46.66760000000001,74.71886419753089,20.399942196531796,335.0,21440.0,2e-05,0.0,random-mixed-gem5-1GiBps,True,1GiB/s,1.0,0.998377799987793,0.5184,0.5536,162.0,173.0,335.0,0.0,0.0,46667.6,20000000.0,0.0,5706134094.0,0.198120528999425,5.53,45.180900000000015,20.139999232,,,,,,,board.processor.cores.generator has encountered the exit state and will terminate the simulation.,m5out/ddr4-2400-4gb-x8-memory-sweep/runs/random-mixed-gem5-1GiBps
gem5,DDR4_2400_8x8_4GiB,random-mixed,50,2.147483648,2.1376,52.522775449101815,84.22447023809525,20.439132530120485,668.0,42752.0,2e-05,0.0,random-mixed-gem5-2GiBps,True,2GiB/s,2.0,1.9907951354980469,1.0752,1.0624,336.0,332.0,671.0,0.0,0.0,52522.7754491018,20000000.0,0.0,4497413987.0,0.2169706849999784,11.03,54.655690000000014,20.139999232,,,,,,,board.processor.cores.generator has encountered the exit state and will terminate the simulation.,m5out/ddr4-2400-4gb-x8-memory-sweep/runs/random-mixed-gem5-2GiBps
gem5,DDR4_2400_8x8_4GiB,random-mixed,50,4.294967296,4.2816,59.37539312406578,99.73645053272452,20.43675183553598,1338.0,85632.0,2e-05,0.0,random-mixed-gem5-4GiBps,True,4GiB/s,4.0,3.987550735473633,2.1024,2.1792,657.0,681.0,1342.0,0.0,0.0,59375.39312406577,20000000.0,0.01,3430531732.0,0.2134300149991759,22.19,70.21128000000002,20.139999232,,,,,,,board.processor.cores.generator has encountered the exit state and will terminate the simulation.,m5out/ddr4-2400-4gb-x8-memory-sweep/runs/random-mixed-gem5-4GiBps
gem5,DDR4_2400_8x8_4GiB,random-mixed,50,8.589934592,8.3392,77.0052455871067,134.57181585081588,20.83528658074299,2606.0,166784.0,2e-05,506289.0,random-mixed-gem5-8GiBps,True,8GiB/s,8.0,7.766485214233398,4.1184,4.2208,1287.0,1319.0,2621.0,11.0,506289.0,77005.24558710668,20000000.0,0.01,2121340687.0,0.20767239900123968,43.17,105.43246000000003,20.139999232,,,,,,,board.processor.cores.generator has encountered the exit state and will terminate the simulation.,m5out/ddr4-2400-4gb-x8-memory-sweep/runs/random-mixed-gem5-8GiBps
gem5,DDR4_2400_8x8_4GiB,random-mixed,50,12.884901888,10.1408,125.91060807825815,230.35735222929944,23.35814509068168,3169.0,202816.0,2e-05,5211156.0,random-mixed-gem5-12GiBps,True,12GiB/s,12.0,9.444355964660645,5.024,5.1168,1570.0,1599.0,3201.0,443.0,5211156.0,125910.60807825813,20000000.0,0.01,1829993595.0,0.2092789950002043,52.51,200.91085000000007,20.139999232,,,,,,,board.processor.cores.generator has encountered the exit state and will terminate the simulation.,m5out/ddr4-2400-4gb-x8-memory-sweep/runs/random-mixed-gem5-12GiBps
gem5,DDR4_2400_8x8_4GiB,random-mixed,50,17.179869184,10.3232,140.73961903285806,258.3521663539713,25.151135218193,3226.0,206464.0,2e-05,9317210.0,random-mixed-gem5-16GiBps,True,16GiB/s,16.0,9.614229202270508,5.1168,5.2064,1599.0,1627.0,3263.0,724.0,9317210.0,140739.61903285803,20000000.0,0.01,1991833483.0,0.2140233400004945,53.53,228.82075000000006,20.139999232,,,,,,,board.processor.cores.generator has encountered the exit state and will terminate the simulation.,m5out/ddr4-2400-4gb-x8-memory-sweep/runs/random-mixed-gem5-16GiBps
gem5,DDR4_2400_8x8_4GiB,random-mixed,50,21.47483648,10.336,148.58119318885454,272.6184176029964,26.524907248157255,3230.0,206720.0,2e-05,12463090.0,random-mixed-gem5-20GiBps,True,20GiB/s,20.0,9.626150131225586,5.1264,5.2096,1602.0,1628.0,3270.0,1310.0,12463090.0,148581.1931888545,20000000.0,0.01,1847575058.0,0.20968121099940618,53.56,242.20155000000005,20.139999232,,,,,,,board.processor.cores.generator has encountered the exit state and will terminate the simulation.,m5out/ddr4-2400-4gb-x8-memory-sweep/runs/random-mixed-gem5-20GiBps
gem5,DDR4_2400_8x8_4GiB,random-mixed,50,25.769803776,10.326229617211315,152.25581501797382,279.48871156125927,27.134343309764404,3227.0,206528.0,2e-05,14436528.0,random-mixed-gem5-24GiBps,True,24GiB/s,24.0,9.61705075317185,5.119915521393897,5.206314095817419,1600.0,1627.0,3265.0,2194.0,14436528.0,152258.3272389216,20000330.0,0.01,1839618286.0,0.2148130929999752,53.53,248.738215819439,20.139999232,,,,,,,board.processor.cores.generator has encountered the exit state and will terminate the simulation.,m5out/ddr4-2400-4gb-x8-memory-sweep/runs/random-mixed-gem5-24GiBps
gem5,DDR4_2400_8x8_4GiB,random-mixed,50,30.064771072,10.4928,157.4580500152486,288.68657388105464,27.58321844660195,3279.0,209856.0,2e-05,16091132.0,random-mixed-gem5-28GiBps,True,28GiB/s,28.0,9.772181510925293,5.2192,5.2736,1631.0,1648.0,3321.0,3075.0,16091132.0,157458.05001524856,20000000.0,0.01,1783643985.0,0.2136233599994739,54.33,257.1657900000001,20.139999232,,,,,,,board.processor.cores.generator has encountered the exit state and will terminate the simulation.,m5out/ddr4-2400-4gb-x8-memory-sweep/runs/random-mixed-gem5-28GiBps
gem5,DDR4_2400_8x8_4GiB,random-mixed,50,34.359738368,10.4448,162.16845772058826,298.4681153608884,27.69387157638467,3264.0,208896.0,2e-05,17266608.0,random-mixed-gem5-32GiBps,True,32GiB/s,32.0,9.72747802734375,5.1872,5.2576,1621.0,1643.0,3303.0,3599.0,17266608.0,162168.45772058822,20000000.0,0.01,1776830135.0,0.20984439099993324,54.16,266.6290300000001,20.139999232,,,,,,,board.processor.cores.generator has encountered the exit state and will terminate the simulation.,m5out/ddr4-2400-4gb-x8-memory-sweep/runs/random-mixed-gem5-32GiBps
dramsys,JEDEC_4Gb_DDR4-2400_8bit_A,random-mixed,50,1.073741824,1.0688,55.67303293413175,52.77291358024692,58.404540697674435,334.0,21376.0,2e-05,0.0,random-mixed-dramsys-1GiBps,True,1GiB/s,1.0,0.9953975677490234,0.5184,0.5504,162.0,172.0,335.0,0.0,0.0,55673.032934131734,20000000.0,0.01,3157063931.0,0.2230790209996485,,,,1.07,19.21,DDR4,,,,board.processor.cores.generator has encountered the exit state and will terminate the simulation.,m5out/ddr4-2400-4gb-x8-memory-sweep/runs/random-mixed-dramsys-1GiBps
dramsys,JEDEC_4Gb_DDR4-2400_8bit_A,random-mixed,50,2.147483648,2.1408,59.43870254110614,58.84459347181011,60.04175903614459,669.0,42816.0,2e-05,0.0,random-mixed-dramsys-2GiBps,True,2GiB/s,2.0,1.9937753677368164,1.0784,1.0624,337.0,332.0,671.0,0.0,0.0,59438.702541106126,20000000.0,0.01,2133788542.0,0.2104987650000112,,,,2.14,19.21,DDR4,,,,board.processor.cores.generator has encountered the exit state and will terminate the simulation.,m5out/ddr4-2400-4gb-x8-memory-sweep/runs/random-mixed-dramsys-2GiBps
dramsys,JEDEC_4Gb_DDR4-2400_8bit_A,random-mixed,50,4.294967296,4.2816,72.33607623318387,77.51424200913243,67.34040088105729,1338.0,85632.0,2e-05,0.0,random-mixed-dramsys-4GiBps,True,4GiB/s,4.0,3.987550735473633,2.1024,2.1792,657.0,681.0,1342.0,0.0,0.0,72336.07623318386,20000000.0,0.02,1239771882.0,0.21078716200099734,,,,4.28,19.21,DDR4,,,,board.processor.cores.generator has encountered the exit state and will terminate the simulation.,m5out/ddr4-2400-4gb-x8-memory-sweep/runs/random-mixed-dramsys-4GiBps
dramsys,JEDEC_4Gb_DDR4-2400_8bit_A,random-mixed,50,8.589934592,8.463860346304285,138.80559174932404,150.13302508819106,127.62283637196019,2645.0,169280.0,2e-05,19519242.0,random-mixed-dramsys-8GiBps,True,8GiB/s,8.0,7.882584208905963,4.204730621944738,4.259129724359548,1314.0,1331.0,2659.0,5198.0,19519242.0,138807.8820415879,20000330.0,0.03,595123933.0,0.23926334899988433,,,,8.47,19.21,DDR4,,,,board.processor.cores.generator has encountered the exit state and will terminate the simulation.,m5out/ddr4-2400-4gb-x8-memory-sweep/runs/random-mixed-dramsys-8GiBps
dramsys,JEDEC_4Gb_DDR4-2400_8bit_A,random-mixed,50,12.884901888,8.496228868764591,143.15167969194908,155.7211095783598,130.77013366034268,2656.0,169984.0,2e-05,19994654.0,random-mixed-dramsys-12GiBps,True,12GiB/s,12.0,7.912729744580194,4.216125620870381,4.2801032478942105,1318.0,1338.0,2669.0,5334.0,19994654.0,143201.73983433735,20006994.0,0.03,576470754.0,0.23797200999979395,,,,8.5,19.21,DDR4,,,,board.processor.cores.generator has encountered the exit state and will terminate the simulation.,m5out/ddr4-2400-4gb-x8-memory-sweep/runs/random-mixed-dramsys-12GiBps
dramsys,JEDEC_4Gb_DDR4-2400_8bit_A,random-mixed,50,17.179869184,8.496582627721528,143.15932108138185,155.7309807891221,130.7755785591086,2656.0,169984.0,2e-05,19998711.0,random-mixed-dramsys-16GiBps,True,16GiB/s,16.0,7.913059208282762,4.216301168425066,4.280281459296463,1318.0,1338.0,2669.0,5335.0,19998711.0,143203.42131024096,20006161.0,0.04,552916038.0,0.24342373400031647,,,,8.5,19.21,DDR4,,,,board.processor.cores.generator has encountered the exit state and will terminate the simulation.,m5out/ddr4-2400-4gb-x8-memory-sweep/runs/random-mixed-dramsys-16GiBps
dramsys,JEDEC_4Gb_DDR4-2400_8bit_A,random-mixed,50,21.47483648,8.451444529847912,137.2738008022758,148.38938664491516,126.32524104292179,2642.0,169088.0,2e-05,20001034.0,random-mixed-dramsys-20GiBps,True,20GiB/s,20.0,7.87102107875786,4.193733451412041,4.257711078435871,1311.0,1331.0,2659.0,5315.0,20001034.0,137321.80545041634,20006994.0,0.04,569108064.0,0.2396791809987917,,,,8.45,19.21,DDR4,,,,board.processor.cores.generator has encountered the exit state and will terminate the simulation.,m5out/ddr4-2400-4gb-x8-memory-sweep/runs/random-mixed-dramsys-20GiBps
dramsys,JEDEC_4Gb_DDR4-2400_8bit_A,random-mixed,50,25.769803776,8.451796424111553,137.27944914290578,148.3954294271717,126.33050086892185,2642.0,169088.0,2e-05,20001193.0,random-mixed-dramsys-24GiBps,True,24GiB/s,24.0,7.871348805829466,4.193908066620077,4.257888357491475,1311.0,1331.0,2659.0,5315.0,20001193.0,137321.73807721422,20006161.0,0.03,578363187.0,0.2289317740014667,,,,8.45,19.21,DDR4,,,,board.processor.cores.generator has encountered the exit state and will terminate the simulation.,m5out/ddr4-2400-4gb-x8-memory-sweep/runs/random-mixed-dramsys-24GiBps
dramsys,JEDEC_4Gb_DDR4-2400_8bit_A,random-mixed,50,30.064771072,8.451796424111553,137.27985212247722,148.3962415339816,126.33050086892185,2642.0,169088.0,2e-05,20001903.0,random-mixed-dramsys-28GiBps,True,28GiB/s,28.0,7.871348805829466,4.193908066620077,4.257888357491475,1311.0,1331.0,2659.0,5315.0,20001903.0,137322.14118092353,20006161.0,0.04,560585099.0,0.24200471900076082,,,,8.45,19.21,DDR4,,,,board.processor.cores.generator has encountered the exit state and will terminate the simulation.,m5out/ddr4-2400-4gb-x8-memory-sweep/runs/random-mixed-dramsys-28GiBps
dramsys,JEDEC_4Gb_DDR4-2400_8bit_A,random-mixed,50,34.359738368,8.451796424111553,137.28015407336738,148.39685004218282,126.33050086892185,2642.0,169088.0,2e-05,20002435.0,random-mixed-dramsys-32GiBps,True,32GiB/s,32.0,7.871348805829466,4.193908066620077,4.257888357491475,1311.0,1331.0,2659.0,5315.0,20002435.0,137322.44322482968,20006161.0,0.03,580983331.0,0.22360142599973187,,,,8.45,19.21,DDR4,,,,board.processor.cores.generator has encountered the exit state and will terminate the simulation.,m5out/ddr4-2400-4gb-x8-memory-sweep/runs/random-mixed-dramsys-32GiBps
dramsim3,DDR4_4Gb_x8_2400_1rank_4GiB,random-mixed,50,1.073741824,1.072,32.404650746268665,56.78879629629631,9.570942196531794,335.0,21440.0,2e-05,0.0,random-mixed-dramsim3-1GiBps,True,1GiB/s,1.0,0.998377799987793,0.5184,0.5536,162.0,173.0,335.0,0.0,0.0,32404.650746268657,20000000.0,0.01,3581661891.0,0.20209580600021582,,,,,,,1.0719823122918473,47.23418518518518,0.0,board.processor.cores.generator has encountered the exit state and will terminate the simulation.,m5out/ddr4-2400-4gb-x8-memory-sweep/runs/random-mixed-dramsim3-1GiBps
dramsim3,DDR4_4Gb_x8_2400_1rank_4GiB,random-mixed,50,2.147483648,2.1408,37.12824813153962,64.2825756676558,9.564969879518074,669.0,42816.0,2e-05,0.0,random-mixed-dramsim3-2GiBps,True,2GiB/s,2.0,1.9937753677368164,1.0784,1.0624,337.0,332.0,671.0,0.0,0.0,37128.248131539614,20000000.0,0.01,3255738239.0,0.20255474999976286,,,,,,,2.1407646773828235,54.977999999999994,0.0,board.processor.cores.generator has encountered the exit state and will terminate the simulation.,m5out/ddr4-2400-4gb-x8-memory-sweep/runs/random-mixed-dramsim3-2GiBps
dramsim3,DDR4_4Gb_x8_2400_1rank_4GiB,random-mixed,50,4.294967296,4.2816,43.703416292974595,79.18956707317075,9.570109970674489,1338.0,85632.0,2e-05,0.0,random-mixed-dramsim3-4GiBps,True,4GiB/s,4.0,3.987550735473633,2.0992,2.1824,656.0,682.0,1342.0,0.0,0.0,43703.41629297459,20000000.0,0.01,2470050636.0,0.19622307600002387,,,,,,,4.284729301966518,70.25220243531201,0.0,board.processor.cores.generator has encountered the exit state and will terminate the simulation.,m5out/ddr4-2400-4gb-x8-memory-sweep/runs/random-mixed-dramsim3-4GiBps
dramsim3,DDR4_4Gb_x8_2400_1rank_4GiB,random-mixed,50,8.589934592,8.5152,86.20004697482152,166.45697646165533,7.555421875000002,2661.0,170304.0,2e-05,124757.0,random-mixed-dramsim3-8GiBps,True,8GiB/s,8.0,7.930397987365723,4.2144,4.3008,1317.0,1344.0,2673.0,15.0,124757.0,86200.0469748215,20000000.0,0.01,1528467711.0,0.21052904699899955,,,,,,,8.518259448719096,158.97207289293848,0.0007593014426727411,board.processor.cores.generator has encountered the exit state and will terminate the simulation.,m5out/ddr4-2400-4gb-x8-memory-sweep/runs/random-mixed-dramsim3-8GiBps
dramsim3,DDR4_4Gb_x8_2400_1rank_4GiB,random-mixed,50,12.884901888,10.016,179.70226645367416,352.8583374193549,9.833968987341775,3130.0,200320.0,2e-05,5222377.0,random-mixed-dramsim3-12GiBps,True,12GiB/s,12.0,9.328126907348633,4.96,5.056,1550.0,1580.0,3156.0,352.0,5222377.0,179702.26645367412,20000000.0,0.02,1148105626.0,0.21257548500034318,,,,,,,10.022234633128555,344.5459974193548,0.000643915003219575,board.processor.cores.generator has encountered the exit state and will terminate the simulation.,m5out/ddr4-2400-4gb-x8-memory-sweep/runs/random-mixed-dramsim3-12GiBps
dramsim3,DDR4_4Gb_x8_2400_1rank_4GiB,random-mixed,50,17.179869184,9.9008,198.39565675500975,390.98474541884826,10.479866538952747,3094.0,198016.0,2e-05,10107741.0,random-mixed-dramsim3-16GiBps,True,16GiB/s,16.0,9.22083854675293,4.8896,5.0112,1528.0,1566.0,3124.0,940.0,10107741.0,198395.6567550097,20000000.0,0.02,1150483203.0,0.21093931999894266,,,,,,,9.913436428298933,381.2717222222222,0.0013029315960912053,board.processor.cores.generator has encountered the exit state and will terminate the simulation.,m5out/ddr4-2400-4gb-x8-memory-sweep/runs/random-mixed-dramsim3-16GiBps
dramsim3,DDR4_4Gb_x8_2400_1rank_4GiB,random-mixed,50,21.47483648,9.8592,203.38761213891598,400.69952465483243,11.00849743589744,3081.0,197184.0,2e-05,12898817.0,random-mixed-dramsim3-20GiBps,True,20GiB/s,20.0,9.182095527648926,4.8672,4.992,1521.0,1560.0,3111.0,1411.0,12898817.0,203387.61213891592,20000000.0,0.02,1121767906.0,0.222362960999817,,,,,,,9.862237273084995,389.2348482260184,0.0006561679790026247,board.processor.cores.generator has encountered the exit state and will terminate the simulation.,m5out/ddr4-2400-4gb-x8-memory-sweep/runs/random-mixed-dramsim3-20GiBps
dramsim3,DDR4_4Gb_x8_2400_1rank_4GiB,random-mixed,50,25.769803776,9.769975854613302,207.3117835425214,409.1238135827006,11.737343613049582,3058.0,195712.0,2e-05,15053256.0,random-mixed-dramsim3-24GiBps,True,24GiB/s,24.0,9.09899906684952,4.80831054976881,4.961665304844493,1505.0,1553.0,3091.0,2304.0,15053256.0,207643.3165467626,20031984.0,0.02,1094883253.0,0.22107289499945182,,,,,,,9.77915387536361,398.891551061008,0.0,board.processor.cores.generator has encountered the exit state and will terminate the simulation.,m5out/ddr4-2400-4gb-x8-memory-sweep/runs/random-mixed-dramsim3-24GiBps
dramsim3,DDR4_4Gb_x8_2400_1rank_4GiB,random-mixed,50,30.064771072,10.059377101109048,204.20641144076075,400.61245820691147,12.24729403535304,3144.0,201216.0,2e-05,16164378.0,random-mixed-dramsim3-28GiBps,True,28GiB/s,28.0,9.368524980832866,4.97209669692222,5.087280404186828,1554.0,1590.0,3177.0,2842.0,16164378.0,204235.29643765904,20002829.0,0.02,1023476719.0,0.21933952200015483,,,,,,,10.065357033127235,388.9531453376206,0.0006414368184733803,board.processor.cores.generator has encountered the exit state and will terminate the simulation.,m5out/ddr4-2400-4gb-x8-memory-sweep/runs/random-mixed-dramsim3-28GiBps
dramsim3,DDR4_4Gb_x8_2400_1rank_4GiB,random-mixed,50,34.359738368,10.002106053091893,205.45572232163317,403.6303413548456,11.659961663523298,3133.0,200512.0,2e-05,17173242.0,random-mixed-dramsim3-32GiBps,True,32GiB/s,32.0,9.315187160942603,4.945184256699439,5.056921796392454,1549.0,1584.0,3166.0,3358.0,17173242.0,205938.31726779445,20046978.0,0.02,1073178694.0,0.21425576300134708,,,,,,,10.011267564324106,391.6608202319587,0.0006422607578676942,board.processor.cores.generator has encountered the exit state and will terminate the simulation.,m5out/ddr4-2400-4gb-x8-memory-sweep/runs/random-mixed-dramsim3-32GiBps
