backend,traffic_pattern,traffic_mode,read_percent,rate,offered_GBps,achieved_GBps,stream_GBps,probe_GBps,avg_latency_ns,read_avg_latency_ns,write_avg_latency_ns,write_completion_latency_ns,probe_avg_latency_ns,completed_requests,stream_completed_requests,probe_completed_requests,retry_ticks,stream_retry_ticks,probe_retry_ticks,ramulator_total_GBps,ramulator_avg_read_latency_ns,ramulator_row_hit_rate,sim_seconds,host_seconds,wall_seconds,success,exit_cause,run_dir
gem5,linear-read,standard,100,1GiB/s,1.073741824,1.070933333333333,1.070933333333333,0.0,67.2349282868526,67.2349282868526,,,,502.0,502.0,0.0,0.0,0.0,0.0,,,,3e-05,0.0,0.20539826200183597,True,board.processor.cores.generator has encountered the exit state and will terminate the simulation.,m5out/ddr5-4800-gem5-ramulator-sweep/runs/linear-read-gem5-1GiBps
gem5,linear-read,standard,100,4GiB/s,4.294967296,4.288,4.288,0.0,58.687805970149256,58.687805970149256,,,,2010.0,2010.0,0.0,0.0,0.0,0.0,,,,3e-05,0.0,0.20862874600061332,True,board.processor.cores.generator has encountered the exit state and will terminate the simulation.,m5out/ddr5-4800-gem5-ramulator-sweep/runs/linear-read-gem5-4GiBps
gem5,linear-read,standard,100,8GiB/s,8.589934592,8.576,8.576,0.0,60.32173880597015,60.32173880597015,,,,4020.0,4020.0,0.0,0.0,0.0,0.0,,,,3e-05,0.01,0.20747876500172424,True,board.processor.cores.generator has encountered the exit state and will terminate the simulation.,m5out/ddr5-4800-gem5-ramulator-sweep/runs/linear-read-gem5-8GiBps
gem5,linear-read,standard,100,16GiB/s,17.179869184,16.746666666666666,16.746666666666666,0.0,60.59131974522293,60.59131974522293,,,,7850.0,7850.0,0.0,767405.0,767405.0,0.0,,,,3e-05,0.01,0.2087048909997975,True,board.processor.cores.generator has encountered the exit state and will terminate the simulation.,m5out/ddr5-4800-gem5-ramulator-sweep/runs/linear-read-gem5-16GiBps
gem5,linear-read,standard,100,24GiB/s,25.769803776,24.616533333333333,24.616533333333333,0.0,59.3021187277927,59.3021187277927,,,,11539.0,11539.0,0.0,1419684.0,1419684.0,0.0,,,,3e-05,0.01,0.21150001299974974,True,board.processor.cores.generator has encountered the exit state and will terminate the simulation.,m5out/ddr5-4800-gem5-ramulator-sweep/runs/linear-read-gem5-24GiBps
gem5,linear-read,standard,100,32GiB/s,34.359738368,32.34773333333333,32.34773333333333,0.0,68.70948987667349,68.70948987667349,,,,15163.0,15163.0,0.0,1981738.0,1981738.0,0.0,,,,3e-05,0.02,0.2118763390026288,True,board.processor.cores.generator has encountered the exit state and will terminate the simulation.,m5out/ddr5-4800-gem5-ramulator-sweep/runs/linear-read-gem5-32GiBps
gem5,linear-read,standard,100,40GiB/s,42.94967296,35.28757449322409,35.28757449322409,0.0,141.54281299542973,141.54281299542973,,,,16542.0,16542.0,0.0,29655070.0,29655070.0,0.0,,,,3e-05,0.02,0.22123147399906884,True,board.processor.cores.generator has encountered the exit state and will terminate the simulation.,m5out/ddr5-4800-gem5-ramulator-sweep/runs/linear-read-gem5-40GiBps
gem5,linear-read,standard,100,48GiB/s,51.539607552,35.296888529731184,35.296888529731184,0.0,141.6729070291409,141.6729070291409,,,,16546.0,16546.0,0.0,29859572.0,29859572.0,0.0,,,,3e-05,0.02,0.21377493199906894,True,board.processor.cores.generator has encountered the exit state and will terminate the simulation.,m5out/ddr5-4800-gem5-ramulator-sweep/runs/linear-read-gem5-48GiBps
gem5,linear-write,standard,0,1GiB/s,1.073741824,1.073066666666667,1.073066666666667,0.0,14.803294234592446,,14.803294234592446,975.6055566600398,,503.0,503.0,0.0,0.0,0.0,0.0,,,,3e-05,0.0,0.20104891899973154,True,board.processor.cores.generator has encountered the exit state and will terminate the simulation.,m5out/ddr5-4800-gem5-ramulator-sweep/runs/linear-write-gem5-1GiBps
gem5,linear-write,standard,0,4GiB/s,4.294967296,4.292266666666667,4.292266666666667,0.0,14.802161033797216,,14.802161033797216,299.46129955290615,,2012.0,2012.0,0.0,0.0,0.0,0.0,,,,3e-05,0.01,0.21109932999752345,True,board.processor.cores.generator has encountered the exit state and will terminate the simulation.,m5out/ddr5-4800-gem5-ramulator-sweep/runs/linear-write-gem5-4GiBps
gem5,linear-write,standard,0,8GiB/s,8.589934592,8.5312,8.5312,0.0,14.86171167791948,,14.86171167791948,176.05710172456887,,3999.0,3999.0,0.0,232025.0,232025.0,0.0,,,,3e-05,0.01,0.21151456699953997,True,board.processor.cores.generator has encountered the exit state and will terminate the simulation.,m5out/ddr5-4800-gem5-ramulator-sweep/runs/linear-write-gem5-8GiBps
gem5,linear-write,standard,0,16GiB/s,17.179869184,16.509866666666667,16.509866666666667,0.0,14.95847641814188,,14.95847641814188,109.40119294846959,,7739.0,7739.0,0.0,1200628.0,1200628.0,0.0,,,,3e-05,0.01,0.21615218899751198,True,board.processor.cores.generator has encountered the exit state and will terminate the simulation.,m5out/ddr5-4800-gem5-ramulator-sweep/runs/linear-write-gem5-16GiBps
gem5,linear-write,standard,0,24GiB/s,25.769803776,24.3456,24.3456,0.0,14.94893918682089,,14.94893918682089,87.66340830267998,,11412.0,11412.0,0.0,1665380.0,1665380.0,0.0,,,,3e-05,0.01,0.21336846600024728,True,board.processor.cores.generator has encountered the exit state and will terminate the simulation.,m5out/ddr5-4800-gem5-ramulator-sweep/runs/linear-write-gem5-24GiBps
gem5,linear-write,standard,0,32GiB/s,34.359738368,32.18346666666666,32.18346666666666,0.0,14.928569866101022,,14.928569866101022,81.44765973234398,,15086.0,15086.0,0.0,1903114.0,1903114.0,0.0,,,,3e-05,0.02,0.22766463399966597,True,board.processor.cores.generator has encountered the exit state and will terminate the simulation.,m5out/ddr5-4800-gem5-ramulator-sweep/runs/linear-write-gem5-32GiBps
gem5,linear-write,standard,0,40GiB/s,42.94967296,35.21949957138899,35.21949957138899,0.0,16.543109763837435,,16.543109763837435,159.97739628055874,,16510.0,16510.0,0.0,28760344.0,28760344.0,0.0,,,,3e-05,0.02,0.22316934900300112,True,board.processor.cores.generator has encountered the exit state and will terminate the simulation.,m5out/ddr5-4800-gem5-ramulator-sweep/runs/linear-write-gem5-40GiBps
gem5,linear-write,standard,0,48GiB/s,51.539607552,35.23836006319193,35.23836006319193,0.0,16.43630853043527,,16.43630853043527,160.20391373416672,,16518.0,16518.0,0.0,26994809.0,26994809.0,0.0,,,,3e-05,0.02,0.21871143500175094,True,board.processor.cores.generator has encountered the exit state and will terminate the simulation.,m5out/ddr5-4800-gem5-ramulator-sweep/runs/linear-write-gem5-48GiBps
gem5,linear-mixed,standard,50,1GiB/s,1.073741824,1.070933333333333,1.070933333333333,0.0,36.21660756972111,61.34018181818182,14.801309963099632,1733.8022287822878,,502.0,502.0,0.0,0.0,0.0,0.0,,,,3e-05,0.0,0.19696978999854764,True,board.processor.cores.generator has encountered the exit state and will terminate the simulation.,m5out/ddr5-4800-gem5-ramulator-sweep/runs/linear-mixed-gem5-1GiBps
gem5,linear-mixed,standard,50,4GiB/s,4.294967296,4.2922666666666665,4.2922666666666665,0.0,37.000986083499,60.70049845837615,14.806928777670837,525.3886288461539,,2012.0,2012.0,0.0,0.0,0.0,0.0,,,,3e-05,0.01,0.19519024300097954,True,board.processor.cores.generator has encountered the exit state and will terminate the simulation.,m5out/ddr5-4800-gem5-ramulator-sweep/runs/linear-mixed-gem5-4GiBps
gem5,linear-mixed,standard,50,8GiB/s,8.589934592,8.576,8.576,0.0,40.110522139303484,65.73892538808212,14.811500247157687,300.8801473059812,,4020.0,4020.0,0.0,0.0,0.0,0.0,,,,3e-05,0.01,0.20457664100104012,True,board.processor.cores.generator has encountered the exit state and will terminate the simulation.,m5out/ddr5-4800-gem5-ramulator-sweep/runs/linear-mixed-gem5-8GiBps
gem5,linear-mixed,standard,50,16GiB/s,17.179869184,16.957866666666668,16.957866666666668,0.0,49.86281142282048,84.47910646292586,14.940332322466515,195.22335412983077,,7949.0,7949.0,0.0,388667.0,388667.0,0.0,,,,3e-05,0.01,0.21210892000090098,True,board.processor.cores.generator has encountered the exit state and will terminate the simulation.,m5out/ddr5-4800-gem5-ramulator-sweep/runs/linear-mixed-gem5-16GiBps
gem5,linear-mixed,standard,50,24GiB/s,25.769803776,24.7552,24.7552,0.0,60.61095311961393,106.44482961425359,15.107666151468315,169.6515247167868,,11604.0,11604.0,0.0,1165397.0,1165397.0,0.0,,,,3e-05,0.02,0.21013471900005243,True,board.processor.cores.generator has encountered the exit state and will terminate the simulation.,m5out/ddr5-4800-gem5-ramulator-sweep/runs/linear-mixed-gem5-24GiBps
gem5,linear-mixed,standard,50,32GiB/s,34.359738368,27.0272,27.0272,0.0,96.91795784986977,179.0953215193897,15.83594872196958,278.29276759128663,,12669.0,12669.0,0.0,6972977.0,6972977.0,0.0,,,,3e-05,0.02,0.21079300999917905,True,board.processor.cores.generator has encountered the exit state and will terminate the simulation.,m5out/ddr5-4800-gem5-ramulator-sweep/runs/linear-mixed-gem5-32GiBps
gem5,linear-mixed,standard,50,40GiB/s,42.94967296,27.04853333333333,27.04853333333333,0.0,106.69963443489235,198.05580168307398,16.531770255445856,291.57277734252585,,12679.0,12679.0,0.0,11971191.0,11971191.0,0.0,,,,3e-05,0.02,0.21401630800028215,True,board.processor.cores.generator has encountered the exit state and will terminate the simulation.,m5out/ddr5-4800-gem5-ramulator-sweep/runs/linear-mixed-gem5-40GiBps
gem5,linear-mixed,standard,50,48GiB/s,51.539607552,27.135633709471335,27.135633709471335,0.0,109.07819616260308,202.68187137500644,16.84760857035668,299.4980916247727,,12722.0,12722.0,0.0,15203065.0,15203065.0,0.0,,,,3e-05,0.02,0.2130395399981353,True,board.processor.cores.generator has encountered the exit state and will terminate the simulation.,m5out/ddr5-4800-gem5-ramulator-sweep/runs/linear-mixed-gem5-48GiBps
gem5,random-read,standard,100,1GiB/s,1.073741824,1.070933333333333,1.070933333333333,0.0,73.54309163346613,73.54309163346613,,,,502.0,502.0,0.0,0.0,0.0,0.0,,,,3e-05,0.0,0.20135202500023297,True,board.processor.cores.generator has encountered the exit state and will terminate the simulation.,m5out/ddr5-4800-gem5-ramulator-sweep/runs/random-read-gem5-1GiBps
gem5,random-read,standard,100,4GiB/s,4.294967296,4.283733333333333,4.283733333333333,0.0,84.62376693227091,84.62376693227091,,,,2008.0,2008.0,0.0,0.0,0.0,0.0,,,,3e-05,0.01,0.20159176900051534,True,board.processor.cores.generator has encountered the exit state and will terminate the simulation.,m5out/ddr5-4800-gem5-ramulator-sweep/runs/random-read-gem5-4GiBps
gem5,random-read,standard,100,8GiB/s,8.589934592,8.558933333333332,8.558933333333332,0.0,94.4678272681954,94.4678272681954,,,,4012.0,4012.0,0.0,41537.0,41537.0,0.0,,,,3e-05,0.01,0.20616109899856383,True,board.processor.cores.generator has encountered the exit state and will terminate the simulation.,m5out/ddr5-4800-gem5-ramulator-sweep/runs/random-read-gem5-8GiBps
gem5,random-read,standard,100,16GiB/s,17.179869184,16.4288,16.4288,0.0,110.02071185560317,110.02071185560317,,,,7701.0,7701.0,0.0,1302658.0,1302658.0,0.0,,,,3e-05,0.02,0.2141545419981412,True,board.processor.cores.generator has encountered the exit state and will terminate the simulation.,m5out/ddr5-4800-gem5-ramulator-sweep/runs/random-read-gem5-16GiBps
gem5,random-read,standard,100,24GiB/s,25.769803776,22.410666666666668,22.410666666666668,0.0,158.85307634459784,158.85307634459784,,,,10505.0,10505.0,0.0,6131653.0,6131653.0,0.0,,,,3e-05,0.03,0.22327761099950294,True,board.processor.cores.generator has encountered the exit state and will terminate the simulation.,m5out/ddr5-4800-gem5-ramulator-sweep/runs/random-read-gem5-24GiBps
gem5,random-read,standard,100,32GiB/s,34.359738368,22.464,22.464,0.0,171.09358793922127,171.09358793922127,,,,10530.0,10530.0,0.0,16443615.0,16443615.0,0.0,,,,3e-05,0.03,0.22368905099938274,True,board.processor.cores.generator has encountered the exit state and will terminate the simulation.,m5out/ddr5-4800-gem5-ramulator-sweep/runs/random-read-gem5-32GiBps
gem5,random-read,standard,100,40GiB/s,42.94967296,22.457114926317594,22.457114926317594,0.0,172.5678671004238,172.5678671004238,,,,10527.0,10527.0,0.0,20694484.0,20694484.0,0.0,,,,3e-05,0.03,0.24416544400082785,True,board.processor.cores.generator has encountered the exit state and will terminate the simulation.,m5out/ddr5-4800-gem5-ramulator-sweep/runs/random-read-gem5-40GiBps
gem5,random-read,standard,100,48GiB/s,51.539607552,22.457119417644464,22.457119417644464,0.0,172.45588881132056,172.45588881132056,,,,10527.0,10527.0,0.0,22677336.0,22677336.0,0.0,,,,3e-05,0.03,0.2478426350025984,True,board.processor.cores.generator has encountered the exit state and will terminate the simulation.,m5out/ddr5-4800-gem5-ramulator-sweep/runs/random-read-gem5-48GiBps
gem5,random-mixed,standard,50,1GiB/s,1.073741824,1.070933333333333,1.070933333333333,0.0,44.5175657370518,74.70863052208836,14.803830039525693,1837.4298695652174,,502.0,502.0,0.0,0.0,0.0,0.0,,,,3e-05,0.0,0.2342761280015111,True,board.processor.cores.generator has encountered the exit state and will terminate the simulation.,m5out/ddr5-4800-gem5-ramulator-sweep/runs/random-mixed-gem5-1GiBps
gem5,random-mixed,standard,50,4GiB/s,4.294967296,4.283733333333334,4.283733333333334,0.0,53.93065637450199,93.52587775551103,14.805873267326733,548.281778437191,,2008.0,2008.0,0.0,0.0,0.0,0.0,,,,3e-05,0.01,0.22420710499864072,True,board.processor.cores.generator has encountered the exit state and will terminate the simulation.,m5out/ddr5-4800-gem5-ramulator-sweep/runs/random-mixed-gem5-4GiBps
gem5,random-mixed,standard,50,8GiB/s,8.589934592,8.5696,8.5696,0.0,60.078488922081156,106.22547511312217,14.818944773175543,348.06594726466244,,4017.0,4017.0,0.0,0.0,0.0,0.0,,,,3e-05,0.01,0.21988399000110803,True,board.processor.cores.generator has encountered the exit state and will terminate the simulation.,m5out/ddr5-4800-gem5-ramulator-sweep/runs/random-mixed-gem5-8GiBps
gem5,random-mixed,standard,50,16GiB/s,17.179869184,16.477866666666667,16.477866666666667,0.0,80.40422151734853,147.3629929171039,15.157075153374233,290.86076545733266,,7724.0,7724.0,0.0,1294493.0,1294493.0,0.0,,,,3e-05,0.02,0.22216379100063932,True,board.processor.cores.generator has encountered the exit state and will terminate the simulation.,m5out/ddr5-4800-gem5-ramulator-sweep/runs/random-mixed-gem5-16GiBps
gem5,random-mixed,standard,50,24GiB/s,25.769803776,18.88527414511724,18.88527414511724,0.0,103.16136443512673,190.824814523918,16.736209717544842,384.08748591037534,,8857.0,8857.0,0.0,8720554.0,8720554.0,0.0,,,,3e-05,0.03,0.23160699000072782,True,board.processor.cores.generator has encountered the exit state and will terminate the simulation.,m5out/ddr5-4800-gem5-ramulator-sweep/runs/random-mixed-gem5-24GiBps
gem5,random-mixed,standard,50,32GiB/s,34.359738368,19.217066666666668,19.217066666666668,0.0,114.07272957371227,211.05247805747382,17.73679442354503,390.0340048640283,,9008.0,9008.0,0.0,14332938.0,14332938.0,0.0,,,,3e-05,0.03,0.2241290680030943,True,board.processor.cores.generator has encountered the exit state and will terminate the simulation.,m5out/ddr5-4800-gem5-ramulator-sweep/runs/random-mixed-gem5-32GiBps
gem5,random-mixed,standard,50,40GiB/s,42.94967296,19.0464,19.0464,0.0,118.3616633064516,219.49315126239856,18.490941896705255,395.39879283489097,,8928.0,8928.0,0.0,18014839.0,18014839.0,0.0,,,,3e-05,0.03,0.22227945800113957,True,board.processor.cores.generator has encountered the exit state and will terminate the simulation.,m5out/ddr5-4800-gem5-ramulator-sweep/runs/random-mixed-gem5-40GiBps
gem5,random-mixed,standard,50,48GiB/s,51.539607552,19.293866666666663,19.293866666666663,0.0,125.18696295886777,232.21055681313806,18.918052886734245,402.5013974471831,,9044.0,9044.0,0.0,20431824.0,20431824.0,0.0,,,,3e-05,0.03,0.22213992199976929,True,board.processor.cores.generator has encountered the exit state and will terminate the simulation.,m5out/ddr5-4800-gem5-ramulator-sweep/runs/random-mixed-gem5-48GiBps
gem5,probe-stream-read,probe-stream,100,1GiB/s,1.073741824,2.030933333333333,1.070933333333333,0.96,119.67071111111112,,,,119.67071111111112,952.0,502.0,450.0,24031620.0,1419.0,24030201.0,,,,3e-05,0.0,0.20127004100140766,True,board.processor.cores0.generator has encountered the exit state and will terminate the simulation.,m5out/ddr5-4800-gem5-ramulator-sweep/runs/probe-stream-read-gem5-1GiBps
gem5,probe-stream-read,probe-stream,100,4GiB/s,4.294967296,5.198933333333333,4.283733333333333,0.9152,133.32950582750584,,,,133.32950582750584,2437.0,2008.0,429.0,27350367.0,765.0,27349602.0,,,,3e-05,0.01,0.2055981609992159,True,board.processor.cores0.generator has encountered the exit state and will terminate the simulation.,m5out/ddr5-4800-gem5-ramulator-sweep/runs/probe-stream-read-gem5-4GiBps
gem5,probe-stream-read,probe-stream,100,8GiB/s,8.589934592,9.358933333333333,8.488533333333333,0.8704,143.399125,,,,143.399125,4387.0,3979.0,408.0,29020167.0,316340.0,28703827.0,,,,3e-05,0.01,0.20529779999924358,True,board.processor.cores0.generator has encountered the exit state and will terminate the simulation.,m5out/ddr5-4800-gem5-ramulator-sweep/runs/probe-stream-read-gem5-8GiBps
gem5,probe-stream-read,probe-stream,100,12GiB/s,12.884901888,13.341866666666666,12.501333333333333,0.840533333333333,150.18875888324874,,,,150.18875888324874,6254.0,5860.0,394.0,30212911.0,891596.0,29321315.0,,,,3e-05,0.01,0.21042846399723203,True,board.processor.cores0.generator has encountered the exit state and will terminate the simulation.,m5out/ddr5-4800-gem5-ramulator-sweep/runs/probe-stream-read-gem5-12GiBps
gem5,probe-stream-read,probe-stream,100,16GiB/s,17.179869184,17.205333333333332,16.4224,0.782933333333333,162.02423705722072,,,,162.02423705722072,8065.0,7698.0,367.0,31030903.0,1386611.0,29644292.0,,,,3e-05,0.01,0.2142698650022794,True,board.processor.cores0.generator has encountered the exit state and will terminate the simulation.,m5out/ddr5-4800-gem5-ramulator-sweep/runs/probe-stream-read-gem5-16GiBps
gem5,probe-stream-read,probe-stream,100,20GiB/s,21.47483648,21.026133333333338,20.29866666666667,0.727466666666667,173.94987390029326,,,,173.94987390029326,9856.0,9515.0,341.0,31467552.0,1851588.0,29615964.0,,,,3e-05,0.02,0.21761170700119692,True,board.processor.cores0.generator has encountered the exit state and will terminate the simulation.,m5out/ddr5-4800-gem5-ramulator-sweep/runs/probe-stream-read-gem5-20GiBps
gem5,probe-stream-read,probe-stream,100,24GiB/s,25.769803776,24.4416,23.767466666666667,0.674133333333333,188.45150632911395,,,,188.45150632911395,11457.0,11141.0,316.0,33026903.0,3266813.0,29760090.0,,,,3e-05,0.02,0.21793518000049517,True,board.processor.cores0.generator has encountered the exit state and will terminate the simulation.,m5out/ddr5-4800-gem5-ramulator-sweep/runs/probe-stream-read-gem5-24GiBps
gem5,probe-stream-read,probe-stream,100,28GiB/s,30.064771072,27.264,26.621866666666666,0.642133333333333,197.97755813953486,,,,197.97755813953486,12780.0,12479.0,301.0,35274921.0,5471202.0,29803719.0,,,,3e-05,0.02,0.22213123999972595,True,board.processor.cores0.generator has encountered the exit state and will terminate the simulation.,m5out/ddr5-4800-gem5-ramulator-sweep/runs/probe-stream-read-gem5-28GiBps
gem5,probe-stream-read,probe-stream,100,32GiB/s,34.359738368,28.72533333333333,28.119466666666664,0.605866666666667,208.9140809859155,,,,208.9140809859155,13465.0,13181.0,284.0,38971046.0,9211920.0,29759126.0,,,,3e-05,0.02,0.22368862100120168,True,board.processor.cores0.generator has encountered the exit state and will terminate the simulation.,m5out/ddr5-4800-gem5-ramulator-sweep/runs/probe-stream-read-gem5-32GiBps
gem5,probe-stream-read,probe-stream,100,36GiB/s,38.654705664,29.21173333333333,28.6528,0.5589333333333331,224.684179389313,,,,224.684179389313,13693.0,13431.0,262.0,42872718.0,13121488.0,29751230.0,,,,3e-05,0.02,0.22781029299949296,True,board.processor.cores0.generator has encountered the exit state and will terminate the simulation.,m5out/ddr5-4800-gem5-ramulator-sweep/runs/probe-stream-read-gem5-36GiBps
gem5,probe-stream-read,probe-stream,100,40GiB/s,42.94967296,29.427199999999996,28.868266666666663,0.5589333333333331,226.49389694656492,,,,226.49389694656492,13794.0,13532.0,262.0,45788427.0,15979348.0,29809079.0,,,,3e-05,0.02,0.2308257490003598,True,board.processor.cores0.generator has encountered the exit state and will terminate the simulation.,m5out/ddr5-4800-gem5-ramulator-sweep/runs/probe-stream-read-gem5-40GiBps
gem5,probe-stream-read,probe-stream,100,48GiB/s,51.539607552,29.475719674557595,28.918970301633905,0.556749372923689,226.4231845314468,,,,226.4231845314468,13818.0,13557.0,261.0,49286061.0,19509968.0,29776093.0,,,,3e-05,0.02,0.23192976099744556,True,board.processor.cores0.generator has encountered the exit state and will terminate the simulation.,m5out/ddr5-4800-gem5-ramulator-sweep/runs/probe-stream-read-gem5-48GiBps
gem5,probe-stream-mixed,probe-stream,50,1GiB/s,1.073741824,2.0031999999999988,1.073066666666666,0.930133333333333,125.05641743119267,,,1986.556446494465,125.05641743119267,939.0,503.0,436.0,24780775.0,1192.0,24779583.0,,,,3e-05,0.01,0.2064796130034665,True,board.processor.cores0.generator has encountered the exit state and will terminate the simulation.,m5out/ddr5-4800-gem5-ramulator-sweep/runs/probe-stream-mixed-gem5-1GiBps
gem5,probe-stream-mixed,probe-stream,50,4GiB/s,4.294967296,5.1306666666666665,4.283733333333333,0.846933333333333,144.31241561712847,,,574.7610765503875,144.31241561712847,2405.0,2008.0,397.0,27590614.0,810.0,27589804.0,,,,3e-05,0.01,0.21183024200217915,True,board.processor.cores0.generator has encountered the exit state and will terminate the simulation.,m5out/ddr5-4800-gem5-ramulator-sweep/runs/probe-stream-mixed-gem5-4GiBps
gem5,probe-stream-mixed,probe-stream,50,8GiB/s,8.589934592,9.331199999999999,8.548266666666667,0.782933333333333,160.7737138964578,,,331.45504149590164,160.7737138964578,4374.0,4007.0,367.0,29303391.0,92263.0,29211128.0,,,,3e-05,0.01,0.21353297600217047,True,board.processor.cores0.generator has encountered the exit state and will terminate the simulation.,m5out/ddr5-4800-gem5-ramulator-sweep/runs/probe-stream-mixed-gem5-8GiBps
gem5,probe-stream-mixed,probe-stream,50,12GiB/s,12.884901888,13.252266666666666,12.558933333333332,0.693333333333333,182.40276615384613,,,258.5985056140351,182.40276615384613,6212.0,5887.0,325.0,30275304.0,772557.0,29502747.0,,,,3e-05,0.01,0.20996241499960888,True,board.processor.cores0.generator has encountered the exit state and will terminate the simulation.,m5out/ddr5-4800-gem5-ramulator-sweep/runs/probe-stream-mixed-gem5-12GiBps
gem5,probe-stream-mixed,probe-stream,50,16GiB/s,17.179869184,17.220266666666667,16.580266666666667,0.64,197.50300000000001,,,240.70092067833698,197.50300000000001,8072.0,7772.0,300.0,30829359.0,1200651.0,29628708.0,,,,3e-05,0.02,0.21942498799762689,True,board.processor.cores0.generator has encountered the exit state and will terminate the simulation.,m5out/ddr5-4800-gem5-ramulator-sweep/runs/probe-stream-mixed-gem5-16GiBps
gem5,probe-stream-mixed,probe-stream,50,20GiB/s,21.47483648,20.426666666666666,19.842133333333333,0.584533333333333,215.771901459854,,,230.98433646358225,215.771901459854,9575.0,9301.0,274.0,32398120.0,2727164.0,29670956.0,,,,3e-05,0.02,0.22060962000250584,True,board.processor.cores0.generator has encountered the exit state and will terminate the simulation.,m5out/ddr5-4800-gem5-ramulator-sweep/runs/probe-stream-mixed-gem5-20GiBps
gem5,probe-stream-mixed,probe-stream,50,24GiB/s,25.769803776,22.51799924371595,22.003899412554947,0.514099831161003,243.50505689832877,,,253.0301649659437,243.50505689832877,10556.0,10315.0,241.0,35244881.0,5626753.0,29618128.0,,,,3e-05,0.02,0.22461908400146058,True,board.processor.cores0.generator has encountered the exit state and will terminate the simulation.,m5out/ddr5-4800-gem5-ramulator-sweep/runs/probe-stream-mixed-gem5-24GiBps
gem5,probe-stream-mixed,probe-stream,50,28GiB/s,30.064771072,23.24692811020221,22.790604259937737,0.45632385026447203,274.0782405633622,,,279.8741114900583,274.0782405633622,10902.0,10688.0,214.0,39366205.0,9673825.0,29692380.0,,,,3e-05,0.02,0.2226774819973798,True,board.processor.cores0.generator has encountered the exit state and will terminate the simulation.,m5out/ddr5-4800-gem5-ramulator-sweep/runs/probe-stream-mixed-gem5-28GiBps
gem5,probe-stream-mixed,probe-stream,50,32GiB/s,34.359738368,23.06933626063977,22.61498872263549,0.454347538004278,271.73758580807316,,,291.2419304756207,271.73758580807316,10815.0,10602.0,213.0,42376054.0,12595009.0,29781045.0,,,,3e-05,0.02,0.2269198329995561,True,board.processor.cores0.generator has encountered the exit state and will terminate the simulation.,m5out/ddr5-4800-gem5-ramulator-sweep/runs/probe-stream-mixed-gem5-32GiBps
gem5,probe-stream-mixed,probe-stream,50,36GiB/s,38.654705664,23.221584170243265,22.771487324760873,0.45009684548239304,277.87660143226253,,,288.4984088750843,277.87660143226253,10886.0,10675.0,211.0,44785053.0,15023920.0,29761133.0,,,,3e-05,0.02,0.2260180949997448,True,board.processor.cores0.generator has encountered the exit state and will terminate the simulation.,m5out/ddr5-4800-gem5-ramulator-sweep/runs/probe-stream-mixed-gem5-36GiBps
gem5,probe-stream-mixed,probe-stream,50,40GiB/s,42.94967296,23.746133333333336,23.330133333333336,0.416,298.04138461538463,,,290.64636144345815,298.04138461538463,11131.0,10936.0,195.0,46186126.0,16421683.0,29764443.0,,,,3e-05,0.02,0.22245064600065234,True,board.processor.cores0.generator has encountered the exit state and will terminate the simulation.,m5out/ddr5-4800-gem5-ramulator-sweep/runs/probe-stream-mixed-gem5-40GiBps
gem5,probe-stream-mixed,probe-stream,50,48GiB/s,51.539607552,23.647913085867557,23.2341225980297,0.413790487837856,298.33673084702633,,,287.8204370928663,298.33673084702633,11087.0,10893.0,194.0,48809509.0,19067867.0,29741642.0,,,,3e-05,0.02,0.22436523999931524,True,board.processor.cores0.generator has encountered the exit state and will terminate the simulation.,m5out/ddr5-4800-gem5-ramulator-sweep/runs/probe-stream-mixed-gem5-48GiBps
ramulator,linear-read,standard,100,1GiB/s,1.073741824,1.070933333333333,1.070933333333333,0.0,34.77538247011952,34.77538247011952,,,,502.0,502.0,0.0,0.0,0.0,0.0,1.073057,30.349816085884694,0.9562624254473161,3e-05,0.01,0.1976538310009346,True,board.processor.cores.generator has encountered the exit state and will terminate the simulation.,m5out/ddr5-4800-gem5-ramulator-sweep/runs/linear-read-ramulator-1GiBps
ramulator,linear-read,standard,100,4GiB/s,4.294967296,4.290133333333333,4.290133333333333,0.0,36.94689905519642,36.94689905519642,,,,2011.0,2011.0,0.0,0.0,0.0,0.0,4.29436,32.55278050114257,0.9771485345255837,3e-05,0.01,0.20899471199663822,True,board.processor.cores.generator has encountered the exit state and will terminate the simulation.,m5out/ddr5-4800-gem5-ramulator-sweep/runs/linear-read-ramulator-4GiBps
ramulator,linear-read,standard,100,8GiB/s,8.589934592,8.5824,8.5824,0.0,40.70703206562267,40.70703206562267,,,,4023.0,4023.0,0.0,0.0,0.0,0.0,8.588719999999999,36.36064640000001,0.9806259314456036,3e-05,0.01,0.20642785099698813,True,board.processor.cores.generator has encountered the exit state and will terminate the simulation.,m5out/ddr5-4800-gem5-ramulator-sweep/runs/linear-read-ramulator-8GiBps
ramulator,linear-read,standard,100,16GiB/s,17.179869184,16.849066666666666,16.849066666666666,0.0,44.68408115978729,44.68408115978729,,,,7898.0,7898.0,0.0,679158.0,679158.0,0.0,16.861720000000002,40.40736959999999,0.9825404858299596,3e-05,0.01,0.2056169850002334,True,board.processor.cores.generator has encountered the exit state and will terminate the simulation.,m5out/ddr5-4800-gem5-ramulator-sweep/runs/linear-read-ramulator-16GiBps
ramulator,linear-read,standard,100,24GiB/s,25.769803776,24.642133333333334,24.642133333333334,0.0,59.06695662713185,59.06695662713185,,,,11551.0,11551.0,0.0,1668450.0,1668450.0,0.0,24.659,55.34026834708885,0.9830435158750757,3e-05,0.02,0.21595788199920207,True,board.processor.cores.generator has encountered the exit state and will terminate the simulation.,m5out/ddr5-4800-gem5-ramulator-sweep/runs/linear-read-ramulator-24GiBps
ramulator,linear-read,standard,100,32GiB/s,34.359738368,31.776,31.776,0.0,126.78563484390735,126.78563484390735,,,,14895.0,14895.0,0.0,2407005.0,2407005.0,0.0,31.795,123.006832,0.9825550187869029,3e-05,0.04,0.23793103999923915,True,board.processor.cores.generator has encountered the exit state and will terminate the simulation.,m5out/ddr5-4800-gem5-ramulator-sweep/runs/linear-read-ramulator-32GiBps
ramulator,linear-read,standard,100,40GiB/s,42.94967296,33.80453970504427,33.80453970504427,0.0,142.91456540411676,142.91456540411676,,,,15846.0,15846.0,0.0,27523031.0,27523031.0,0.0,33.832300000000004,137.90982022271265,0.9824705214704584,3e-05,0.05,0.2529412420008157,True,board.processor.cores.generator has encountered the exit state and will terminate the simulation.,m5out/ddr5-4800-gem5-ramulator-sweep/runs/linear-read-ramulator-40GiBps
ramulator,linear-read,standard,100,48GiB/s,51.539607552,33.821136130126256,33.821136130126256,0.0,143.20873285511448,143.20873285511448,,,,15854.0,15854.0,0.0,28806354.0,28806354.0,0.0,33.8468,138.043776,0.9824782553888819,3e-05,0.06,0.25468211699990206,True,board.processor.cores.generator has encountered the exit state and will terminate the simulation.,m5out/ddr5-4800-gem5-ramulator-sweep/runs/linear-read-ramulator-48GiBps
ramulator,linear-write,standard,0,1GiB/s,1.073741824,1.073066666666667,1.073066666666667,0.0,14.803294234592446,,14.803294234592446,14.836954274353877,,503.0,503.0,0.0,0.0,0.0,0.0,1.073057,,0.9562624254473161,3e-05,0.01,0.200533204999374,True,board.processor.cores.generator has encountered the exit state and will terminate the simulation.,m5out/ddr5-4800-gem5-ramulator-sweep/runs/linear-write-ramulator-1GiBps
ramulator,linear-write,standard,0,4GiB/s,4.294967296,4.292266666666667,4.292266666666667,0.0,14.802161033797216,,14.802161033797216,42.740976154992545,,2012.0,2012.0,0.0,0.0,0.0,0.0,4.29436,,0.9771485345255837,3e-05,0.01,0.21075610899788444,True,board.processor.cores.generator has encountered the exit state and will terminate the simulation.,m5out/ddr5-4800-gem5-ramulator-sweep/runs/linear-write-ramulator-4GiBps
ramulator,linear-write,standard,0,8GiB/s,8.589934592,8.413866666666665,8.413866666666665,0.0,11.48442444219067,,11.48442444219067,253.90164241960184,,3944.0,3944.0,0.0,797724.0,797724.0,0.0,8.358319999999999,,0.9770290964777948,3e-05,0.03,0.23352158299894654,True,board.processor.cores.generator has encountered the exit state and will terminate the simulation.,m5out/ddr5-4800-gem5-ramulator-sweep/runs/linear-write-ramulator-8GiBps
ramulator,linear-write,standard,0,16GiB/s,17.179869184,11.479277742112771,11.479277742112771,0.0,15.21656197193597,,15.21656197193597,356.05053123321875,,5382.0,5382.0,0.0,19749535.0,19749535.0,0.0,11.3449,,0.9789434104154916,3e-05,0.05,0.253346898000018,True,board.processor.cores.generator has encountered the exit state and will terminate the simulation.,m5out/ddr5-4800-gem5-ramulator-sweep/runs/linear-write-ramulator-16GiBps
ramulator,linear-write,standard,0,24GiB/s,25.769803776,11.48135200279674,11.48135200279674,0.0,17.042075034991953,,17.042075034991953,357.1855914428595,,5382.0,5382.0,0.0,26667429.0,26667429.0,0.0,11.35334,,0.9789552799699361,3e-05,0.05,0.2509731149984873,True,board.processor.cores.generator has encountered the exit state and will terminate the simulation.,m5out/ddr5-4800-gem5-ramulator-sweep/runs/linear-write-ramulator-24GiBps
ramulator,linear-write,standard,0,32GiB/s,34.359738368,11.48141064396006,11.48141064396006,0.0,16.874368964238975,,16.874368964238975,357.14245427244225,,5383.0,5383.0,0.0,28786530.0,28786530.0,0.0,11.34917,,0.9789513249389212,3e-05,0.05,0.25014433300020755,True,board.processor.cores.generator has encountered the exit state and will terminate the simulation.,m5out/ddr5-4800-gem5-ramulator-sweep/runs/linear-write-ramulator-32GiBps
ramulator,linear-write,standard,0,40GiB/s,42.94967296,11.481570205506616,11.481570205506616,0.0,17.008358508407674,,17.008358508407674,357.3501172600845,,5383.0,5383.0,0.0,29461944.0,29461944.0,0.0,11.34933,,0.9789513249389212,3e-05,0.05,0.24934504799966817,True,board.processor.cores.generator has encountered the exit state and will terminate the simulation.,m5out/ddr5-4800-gem5-ramulator-sweep/runs/linear-write-ramulator-40GiBps
ramulator,linear-write,standard,0,48GiB/s,51.539607552,11.486851539848399,11.486851539848399,0.0,17.55354158146576,,17.55354158146576,357.8076436028881,,5386.0,5386.0,0.0,29819583.0,29819583.0,0.0,11.352490000000001,,0.9789592335149352,3e-05,0.05,0.24709118499959004,True,board.processor.cores.generator has encountered the exit state and will terminate the simulation.,m5out/ddr5-4800-gem5-ramulator-sweep/runs/linear-write-ramulator-48GiBps
ramulator,linear-mixed,standard,50,1GiB/s,1.073741824,1.070933333333333,1.070933333333333,0.0,21.926466135458167,30.285415584415585,14.801309963099632,18.567357933579338,,502.0,502.0,0.0,0.0,0.0,0.0,1.073057,25.856566427586205,0.9562624254473161,3e-05,0.01,0.20560601900069742,True,board.processor.cores.generator has encountered the exit state and will terminate the simulation.,m5out/ddr5-4800-gem5-ramulator-sweep/runs/linear-mixed-ramulator-1GiBps
ramulator,linear-mixed,standard,50,4GiB/s,4.294967296,4.2922666666666665,4.2922666666666665,0.0,28.003775844930416,42.253069886947586,14.65963426371511,29.001755769230773,,2012.0,2012.0,0.0,0.0,0.0,0.0,4.29437,34.23342787749229,0.9771485345255837,3e-05,0.01,0.20685498700186145,True,board.processor.cores.generator has encountered the exit state and will terminate the simulation.,m5out/ddr5-4800-gem5-ramulator-sweep/runs/linear-mixed-ramulator-4GiBps
ramulator,linear-mixed,standard,50,8GiB/s,8.589934592,8.584533333333333,8.584533333333333,0.0,39.49034592445328,68.56550974512743,10.7313727137914,94.1399658584859,,4024.0,4024.0,0.0,0.0,0.0,0.0,8.58232,62.70673412987012,0.9806114839671887,3e-05,0.01,0.21132837900222512,True,board.processor.cores.generator has encountered the exit state and will terminate the simulation.,m5out/ddr5-4800-gem5-ramulator-sweep/runs/linear-mixed-ramulator-8GiBps
ramulator,linear-mixed,standard,50,16GiB/s,17.179869184,14.570666666666666,14.570666666666666,0.0,153.68042547584187,296.1689348458406,9.259583726415094,237.02209771309774,,6830.0,6830.0,0.0,4718558.0,4718558.0,0.0,14.534279999999999,288.6860477771329,0.9803317187729341,3e-05,0.03,0.22500342599960277,True,board.processor.cores.generator has encountered the exit state and will terminate the simulation.,m5out/ddr5-4800-gem5-ramulator-sweep/runs/linear-mixed-ramulator-16GiBps
ramulator,linear-mixed,standard,50,24GiB/s,25.769803776,15.652657520919922,15.652657520919922,0.0,171.34963495222232,334.34034122751433,8.535852103009258,266.4461965955685,,7366.0,7366.0,0.0,11988570.0,11988570.0,0.0,15.62283,326.7752349201521,0.9800054406964092,3e-05,0.03,0.23008185300204786,True,board.processor.cores.generator has encountered the exit state and will terminate the simulation.,m5out/ddr5-4800-gem5-ramulator-sweep/runs/linear-mixed-ramulator-24GiBps
ramulator,linear-mixed,standard,50,32GiB/s,34.359738368,15.759725465006916,15.759725465006916,0.0,198.90703018894698,389.80233678075336,8.42435868299158,283.0562231928104,,7394.0,7394.0,0.0,16541241.0,16541241.0,0.0,15.74461,379.4974837858301,0.97982943007987,3e-05,0.04,0.23450844900071388,True,board.processor.cores.generator has encountered the exit state and will terminate the simulation.,m5out/ddr5-4800-gem5-ramulator-sweep/runs/linear-mixed-ramulator-32GiBps
ramulator,linear-mixed,standard,50,40GiB/s,42.94967296,15.391025748070147,15.391025748070147,0.0,217.3741036980994,425.53408277969703,8.346791370328482,292.330617545488,,7215.0,7215.0,0.0,19629121.0,19629121.0,0.0,15.37822,414.10116070477767,0.9797475377999723,3e-05,0.04,0.2329035170005227,True,board.processor.cores.generator has encountered the exit state and will terminate the simulation.,m5out/ddr5-4800-gem5-ramulator-sweep/runs/linear-mixed-ramulator-40GiBps
ramulator,linear-mixed,standard,50,48GiB/s,51.539607552,14.741398370665168,14.741398370665168,0.0,227.29537608613563,444.98346607971723,8.22154014930786,287.90929819331643,,6934.0,6934.0,0.0,21981147.0,21981147.0,0.0,14.7158,434.3893224489795,0.9793412308581335,3e-05,0.04,0.23268544800157542,True,board.processor.cores.generator has encountered the exit state and will terminate the simulation.,m5out/ddr5-4800-gem5-ramulator-sweep/runs/linear-mixed-ramulator-48GiBps
ramulator,random-read,standard,100,1GiB/s,1.073741824,1.070933333333333,1.070933333333333,0.0,54.14843824701195,54.14843824701195,,,,502.0,502.0,0.0,0.0,0.0,0.0,1.073057,49.724891864811134,0.0,3e-05,0.01,0.20272761000160244,True,board.processor.cores.generator has encountered the exit state and will terminate the simulation.,m5out/ddr5-4800-gem5-ramulator-sweep/runs/random-read-ramulator-1GiBps
ramulator,random-read,standard,100,4GiB/s,4.294967296,4.285866666666667,4.285866666666667,0.0,63.160582877053265,63.160582877053265,,,,2009.0,2009.0,0.0,0.0,0.0,0.0,4.290100000000001,59.00470005370462,0.0,3e-05,0.01,0.20584668700030306,True,board.processor.cores.generator has encountered the exit state and will terminate the simulation.,m5out/ddr5-4800-gem5-ramulator-sweep/runs/random-read-ramulator-4GiBps
ramulator,random-read,standard,100,8GiB/s,8.589934592,8.573866666666666,8.573866666666666,0.0,70.57734909181389,70.57734909181389,,,,4019.0,4019.0,0.0,0.0,0.0,0.0,8.578059999999999,66.43917532952001,0.00024838549428713363,3e-05,0.02,0.21468694299983326,True,board.processor.cores.generator has encountered the exit state and will terminate the simulation.,m5out/ddr5-4800-gem5-ramulator-sweep/runs/random-read-ramulator-8GiBps
ramulator,random-read,standard,100,16GiB/s,17.179869184,16.59733333333333,16.59733333333333,0.0,78.01012365038561,78.01012365038561,,,,7780.0,7780.0,0.0,1047746.0,1047746.0,0.0,16.609989999999996,74.13277156742872,0.0001282873636946761,3e-05,0.03,0.2239133610019053,True,board.processor.cores.generator has encountered the exit state and will terminate the simulation.,m5out/ddr5-4800-gem5-ramulator-sweep/runs/random-read-ramulator-16GiBps
ramulator,random-read,standard,100,24GiB/s,25.769803776,23.197866666666666,23.197866666666666,0.0,150.3900524186132,150.3900524186132,,,,10874.0,10874.0,0.0,4341792.0,4341792.0,0.0,23.2168,146.38723036515665,0.00018326766242096582,3e-05,0.05,0.2468095660005929,True,board.processor.cores.generator has encountered the exit state and will terminate the simulation.,m5out/ddr5-4800-gem5-ramulator-sweep/runs/random-read-ramulator-24GiBps
ramulator,random-read,standard,100,32GiB/s,34.359738368,23.272354136206484,23.272354136206484,0.0,173.79698223257407,173.79698223257407,,,,10909.0,10909.0,0.0,16064868.0,16064868.0,0.0,23.2894,168.8758669260786,0.00018264840182648402,3e-05,0.06,0.26185578299919143,True,board.processor.cores.generator has encountered the exit state and will terminate the simulation.,m5out/ddr5-4800-gem5-ramulator-sweep/runs/random-read-ramulator-32GiBps
ramulator,random-read,standard,100,40GiB/s,42.94967296,23.276489301956627,23.276489301956627,0.0,176.1926474076527,176.1926474076527,,,,10912.0,10912.0,0.0,20820962.0,20820962.0,0.0,23.2957,170.842172712389,0.00018261504747991235,3e-05,0.06,0.26064893399961875,True,board.processor.cores.generator has encountered the exit state and will terminate the simulation.,m5out/ddr5-4800-gem5-ramulator-sweep/runs/random-read-ramulator-40GiBps
ramulator,random-read,standard,100,48GiB/s,51.539607552,23.278622411313478,23.278622411313478,0.0,176.71591170364113,176.71591170364113,,,,10913.0,10913.0,0.0,23062095.0,23062095.0,0.0,23.297800000000002,171.26979502948177,0.00018259837487446363,3e-05,0.06,0.2585897950011713,True,board.processor.cores.generator has encountered the exit state and will terminate the simulation.,m5out/ddr5-4800-gem5-ramulator-sweep/runs/random-read-ramulator-48GiBps
ramulator,random-mixed,standard,50,1GiB/s,1.073741824,1.070933333333333,1.070933333333333,0.0,32.74022310756972,50.964751004016065,14.803830039525693,35.35439920948617,,502.0,502.0,0.0,0.0,0.0,0.0,1.073058,46.38902528,0.0,3e-05,0.01,0.2011536989994056,True,board.processor.cores.generator has encountered the exit state and will terminate the simulation.,m5out/ddr5-4800-gem5-ramulator-sweep/runs/random-mixed-ramulator-1GiBps
ramulator,random-mixed,standard,50,4GiB/s,4.294967296,4.285866666666667,4.285866666666667,0.0,42.03701095072175,69.82929429429429,14.547415841584158,49.643311881188126,,2009.0,2009.0,0.0,0.0,0.0,0.0,4.290100000000001,61.784129246753245,0.0004967709885742673,3e-05,0.01,0.22538718700161553,True,board.processor.cores.generator has encountered the exit state and will terminate the simulation.,m5out/ddr5-4800-gem5-ramulator-sweep/runs/random-mixed-ramulator-4GiBps
ramulator,random-mixed,standard,50,8GiB/s,8.589934592,8.5824,8.5824,0.0,43.313818294804875,76.03668655967903,11.155415475603746,87.15160888888889,,4023.0,4023.0,0.0,0.0,0.0,0.0,8.57806,68.94410100200402,0.0007453416149068323,3e-05,0.02,0.2238282149992301,True,board.processor.cores.generator has encountered the exit state and will terminate the simulation.,m5out/ddr5-4800-gem5-ramulator-sweep/runs/random-mixed-ramulator-8GiBps
ramulator,random-mixed,standard,50,16GiB/s,17.179869184,16.6336,16.6336,0.0,61.26062562524048,114.37373378308251,9.346367740299266,181.2644528542304,,7797.0,7797.0,0.0,968905.0,968905.0,0.0,16.595050000000004,107.80931167626458,0.00038496086231233157,3e-05,0.04,0.2592604730016319,True,board.processor.cores.generator has encountered the exit state and will terminate the simulation.,m5out/ddr5-4800-gem5-ramulator-sweep/runs/random-mixed-ramulator-16GiBps
ramulator,random-mixed,standard,50,24GiB/s,25.769803776,22.075733333333336,22.075733333333336,0.0,124.54070322767684,242.67570731707318,8.622285468121769,201.30961861630374,,10348.0,10348.0,0.0,4507185.0,4507185.0,0.0,22.0051,235.72512343347637,0.0002897990726429675,3e-05,0.06,0.2609571539978788,True,board.processor.cores.generator has encountered the exit state and will terminate the simulation.,m5out/ddr5-4800-gem5-ramulator-sweep/runs/random-mixed-ramulator-24GiBps
ramulator,random-mixed,standard,50,32GiB/s,34.359738368,22.414933333333337,22.414933333333337,0.0,149.57045550585323,293.66753884615383,8.378664782362918,204.55592789193304,,10507.0,10507.0,0.0,10980753.0,10980753.0,0.0,22.3081,285.14216320861374,0.00047632656949604646,3e-05,0.06,0.25863271100024576,True,board.processor.cores.generator has encountered the exit state and will terminate the simulation.,m5out/ddr5-4800-gem5-ramulator-sweep/runs/random-mixed-ramulator-32GiBps
ramulator,random-mixed,standard,50,40GiB/s,42.94967296,22.402133333333335,22.402133333333335,0.0,155.87043148271593,307.06835801041063,8.286004516371849,200.40065110984634,,10501.0,10501.0,0.0,15278297.0,15278297.0,0.0,22.333599999999997,297.606128375529,0.00038091610322826396,3e-05,0.06,0.2556216119992314,True,board.processor.cores.generator has encountered the exit state and will terminate the simulation.,m5out/ddr5-4800-gem5-ramulator-sweep/runs/random-mixed-ramulator-40GiBps
ramulator,random-mixed,standard,50,48GiB/s,51.539607552,22.404266666666665,22.404266666666665,0.0,159.6517372881356,314.47793471981515,8.20844415144095,196.91047118836198,,10502.0,10502.0,0.0,18327474.0,18327474.0,0.0,22.3699,305.0959206870788,0.00038015586390420075,3e-05,0.06,0.2657784119983262,True,board.processor.cores.generator has encountered the exit state and will terminate the simulation.,m5out/ddr5-4800-gem5-ramulator-sweep/runs/random-mixed-ramulator-48GiBps
ramulator,probe-stream-read,probe-stream,100,1GiB/s,1.073741824,2.0885333333333334,1.070933333333333,1.0176,51.53303144654088,,,,51.53303144654088,979.0,502.0,477.0,2389708.0,20391.0,2369317.0,2.088519,40.89377698386107,0.3292558613659531,3e-05,0.01,0.2068679889998748,True,board.processor.cores0.generator has encountered the exit state and will terminate the simulation.,m5out/ddr5-4800-gem5-ramulator-sweep/runs/probe-stream-read-ramulator-1GiBps
ramulator,probe-stream-read,probe-stream,100,4GiB/s,4.294967296,5.297066666666668,4.285866666666667,1.0112,55.46552109704641,,,,55.46552109704641,2483.0,2009.0,474.0,2756053.0,0.0,2756053.0,5.30555,47.18621610615198,0.5299557700040209,3e-05,0.01,0.2143654339997738,True,board.processor.cores1.generator has encountered the exit state and will terminate the simulation.,m5out/ddr5-4800-gem5-ramulator-sweep/runs/probe-stream-read-ramulator-4GiBps
ramulator,probe-stream-read,probe-stream,100,8GiB/s,8.589934592,9.5424,8.5312,1.0112,58.0713312236287,,,,58.0713312236287,4473.0,3999.0,474.0,3153501.0,208643.0,2944858.0,9.54659,57.22313331843576,0.5843198570471297,3e-05,0.01,0.22006585300186998,True,board.processor.cores1.generator has encountered the exit state and will terminate the simulation.,m5out/ddr5-4800-gem5-ramulator-sweep/runs/probe-stream-read-ramulator-8GiBps
ramulator,probe-stream-read,probe-stream,100,12GiB/s,12.884901888,13.521066666666666,12.509866666666666,1.0112,60.22481012658228,,,,60.22481012658228,6338.0,5864.0,474.0,4445706.0,989186.0,3456520.0,13.52948,61.89954117691579,0.6018912529550827,3e-05,0.02,0.2194409670009918,True,board.processor.cores1.generator has encountered the exit state and will terminate the simulation.,m5out/ddr5-4800-gem5-ramulator-sweep/runs/probe-stream-read-ramulator-12GiBps
ramulator,probe-stream-read,probe-stream,100,16GiB/s,17.179869184,17.465600000000002,16.4736,0.992,68.51051612903225,,,,68.51051612903225,8187.0,7722.0,465.0,6928026.0,1359551.0,5568475.0,17.476110000000002,64.66325775,0.6137888956680903,3e-05,0.02,0.22242164300041622,True,board.processor.cores1.generator has encountered the exit state and will terminate the simulation.,m5out/ddr5-4800-gem5-ramulator-sweep/runs/probe-stream-read-ramulator-16GiBps
ramulator,probe-stream-read,probe-stream,100,20GiB/s,21.47483648,21.348266666666667,20.352,0.996266666666667,70.01270021413276,,,,70.01270021413276,10007.0,9540.0,467.0,7983487.0,1730320.0,6253167.0,21.360799999999998,69.62495775332069,0.6129579714485375,3e-05,0.03,0.23901258399928338,True,board.processor.cores1.generator has encountered the exit state and will terminate the simulation.,m5out/ddr5-4800-gem5-ramulator-sweep/runs/probe-stream-read-ramulator-20GiBps
ramulator,probe-stream-read,probe-stream,100,24GiB/s,25.769803776,25.111466666666665,24.14933333333333,0.9621333333333331,84.83082483370288,,,,84.83082483370288,11771.0,11320.0,451.0,12552846.0,2128599.0,10424247.0,25.134800000000002,77.47935188456967,0.6051247242491091,3e-05,0.03,0.23769186900244677,True,board.processor.cores1.generator has encountered the exit state and will terminate the simulation.,m5out/ddr5-4800-gem5-ramulator-sweep/runs/probe-stream-read-ramulator-24GiBps
ramulator,probe-stream-read,probe-stream,100,28GiB/s,30.064771072,28.352,27.4112,0.9408,92.3216507936508,,,,92.3216507936508,13290.0,12849.0,441.0,15888401.0,3423541.0,12464860.0,28.373099999999997,86.64760606796993,0.5900210399759543,3e-05,0.04,0.24386922499979846,True,board.processor.cores1.generator has encountered the exit state and will terminate the simulation.,m5out/ddr5-4800-gem5-ramulator-sweep/runs/probe-stream-read-ramulator-28GiBps
ramulator,probe-stream-read,probe-stream,100,32GiB/s,34.359738368,30.432000000000002,29.5744,0.8576,119.56016417910449,,,,119.56016417910449,14265.0,13863.0,402.0,25798590.0,6244737.0,19553853.0,30.461599999999997,97.83809038728202,0.5724084832365087,3e-05,0.05,0.24920508700233768,True,board.processor.cores1.generator has encountered the exit state and will terminate the simulation.,m5out/ddr5-4800-gem5-ramulator-sweep/runs/probe-stream-read-ramulator-32GiBps
ramulator,probe-stream-read,probe-stream,100,36GiB/s,38.654705664,30.95893333333333,30.135466666666662,0.823466666666667,125.99418134715026,,,,125.99418134715026,14512.0,14126.0,386.0,30933710.0,10717809.0,20215901.0,30.984299999999998,108.2882592960617,0.5538885065381969,3e-05,0.05,0.2567651979989023,True,board.processor.cores0.generator has encountered the exit state and will terminate the simulation.,m5out/ddr5-4800-gem5-ramulator-sweep/runs/probe-stream-read-ramulator-36GiBps
ramulator,probe-stream-read,probe-stream,100,40GiB/s,42.94967296,31.06773333333333,30.231466666666662,0.8362666666666669,124.50016071428571,,,,124.50016071428571,14563.0,14171.0,392.0,35103153.0,14266672.0,20836481.0,31.080299999999998,112.40980600233371,0.5463401248542225,3e-05,0.06,0.27362481100135483,True,board.processor.cores1.generator has encountered the exit state and will terminate the simulation.,m5out/ddr5-4800-gem5-ramulator-sweep/runs/probe-stream-read-ramulator-40GiBps
ramulator,probe-stream-read,probe-stream,100,48GiB/s,51.539607552,31.138133333333332,30.3488,0.789333333333333,136.78537027027028,,,,136.78537027027028,14596.0,14226.0,370.0,41413894.0,18371040.0,23042854.0,31.1613,115.23244203025946,0.5392612859097127,3e-05,0.06,0.26110131600216846,True,board.processor.cores0.generator has encountered the exit state and will terminate the simulation.,m5out/ddr5-4800-gem5-ramulator-sweep/runs/probe-stream-read-ramulator-48GiBps
ramulator,probe-stream-mixed,probe-stream,50,1GiB/s,1.073741824,2.090666666666666,1.073066666666666,1.0176,53.39248427672956,,,25.913523985239852,53.39248427672956,980.0,503.0,477.0,2466149.0,20035.0,2446114.0,2.09065,41.63287843385049,0.327217125382263,3e-05,0.01,0.20928406299935887,True,board.processor.cores1.generator has encountered the exit state and will terminate the simulation.,m5out/ddr5-4800-gem5-ramulator-sweep/runs/probe-stream-mixed-ramulator-1GiBps
ramulator,probe-stream-mixed,probe-stream,50,4GiB/s,4.294967296,5.282133333333333,4.288,0.994133333333333,75.51618025751073,,,60.83816763565892,75.51618025751073,2476.0,2010.0,466.0,8133590.0,21108.0,8112482.0,5.28422,48.372028301730104,0.5302663438256658,3e-05,0.01,0.21153665299789282,True,board.processor.cores1.generator has encountered the exit state and will terminate the simulation.,m5out/ddr5-4800-gem5-ramulator-sweep/runs/probe-stream-mixed-ramulator-4GiBps
ramulator,probe-stream-mixed,probe-stream,50,8GiB/s,8.589934592,9.450666666666667,8.561066666666667,0.8896,114.04946762589928,,,94.22169825819672,114.04946762589928,4430.0,4013.0,417.0,18553952.0,92223.0,18461729.0,9.45486,65.40551713548388,0.5816418583671629,3e-05,0.02,0.21787308899729396,True,board.processor.cores0.generator has encountered the exit state and will terminate the simulation.,m5out/ddr5-4800-gem5-ramulator-sweep/runs/probe-stream-mixed-ramulator-8GiBps
ramulator,probe-stream-mixed,probe-stream,50,12GiB/s,12.884901888,13.395199999999999,12.629333333333332,0.765866666666667,147.7986462395543,,,112.01655097765364,147.7986462395543,6279.0,5920.0,359.0,24086511.0,662797.0,23423714.0,13.38015,76.15568328638498,0.6010519604717883,3e-05,0.02,0.2233369989990024,True,board.processor.cores0.generator has encountered the exit state and will terminate the simulation.,m5out/ddr5-4800-gem5-ramulator-sweep/runs/probe-stream-mixed-ramulator-12GiBps
ramulator,probe-stream-mixed,probe-stream,50,16GiB/s,17.179869184,16.949333333333335,16.2752,0.674133333333333,174.5652594936709,,,133.76116815892559,174.5652594936709,7945.0,7629.0,316.0,27298108.0,1731770.0,25566338.0,16.93425,102.1204781594867,0.6040040292117854,3e-05,0.03,0.22634847699737293,True,board.processor.cores0.generator has encountered the exit state and will terminate the simulation.,m5out/ddr5-4800-gem5-ramulator-sweep/runs/probe-stream-mixed-ramulator-16GiBps
ramulator,probe-stream-mixed,probe-stream,50,20GiB/s,21.47483648,19.959466666666668,19.438933333333335,0.5205333333333331,231.7084631147541,,,161.88803869606005,231.7084631147541,9356.0,9112.0,244.0,30230152.0,3231768.0,26998384.0,19.93158,130.52530823862963,0.6027822364901017,3e-05,0.04,0.24272135800129035,True,board.processor.cores0.generator has encountered the exit state and will terminate the simulation.,m5out/ddr5-4800-gem5-ramulator-sweep/runs/probe-stream-mixed-ramulator-20GiBps
ramulator,probe-stream-mixed,probe-stream,50,24GiB/s,25.769803776,21.900799999999997,21.43573333333333,0.46506666666666696,263.47042201834864,,,171.90523185654007,263.47042201834864,10266.0,10048.0,218.0,34045856.0,5755545.0,28290311.0,21.8856,161.60085764522557,0.5918963670010714,3e-05,0.04,0.239846287000546,True,board.processor.cores0.generator has encountered the exit state and will terminate the simulation.,m5out/ddr5-4800-gem5-ramulator-sweep/runs/probe-stream-mixed-ramulator-24GiBps
ramulator,probe-stream-mixed,probe-stream,50,28GiB/s,30.064771072,22.6496,22.225066666666667,0.42453333333333304,284.9887989949749,,,174.38410243304028,284.9887989949749,10617.0,10418.0,199.0,36979991.0,8973943.0,28006048.0,22.615299999999998,183.61862831523644,0.5828463713477852,3e-05,0.05,0.2639264169993112,True,board.processor.cores0.generator has encountered the exit state and will terminate the simulation.,m5out/ddr5-4800-gem5-ramulator-sweep/runs/probe-stream-mixed-ramulator-28GiBps
ramulator,probe-stream-mixed,probe-stream,50,32GiB/s,34.359738368,23.02293333333333,22.628266666666665,0.394666666666667,304.06227567567566,,,169.17000040136463,304.06227567567566,10792.0,10607.0,185.0,40738590.0,11854779.0,28883811.0,22.9544,201.51595043517398,0.5728344629096649,3e-05,0.05,0.25131158599833725,True,board.processor.cores1.generator has encountered the exit state and will terminate the simulation.,m5out/ddr5-4800-gem5-ramulator-sweep/runs/probe-stream-mixed-ramulator-32GiBps
ramulator,probe-stream-mixed,probe-stream,50,36GiB/s,38.654705664,22.837333333333333,22.4832,0.354133333333333,331.28730722891567,,,172.902204632427,331.28730722891567,10705.0,10539.0,166.0,43076187.0,14571246.0,28504941.0,22.7625,217.1593782576687,0.5665855029031653,3e-05,0.05,0.2563148369990813,True,board.processor.cores0.generator has encountered the exit state and will terminate the simulation.,m5out/ddr5-4800-gem5-ramulator-sweep/runs/probe-stream-mixed-ramulator-36GiBps
ramulator,probe-stream-mixed,probe-stream,50,40GiB/s,42.94967296,23.033599999999996,22.679466666666663,0.354133333333333,332.7488554216867,,,171.66698368808434,332.7488554216867,10797.0,10631.0,166.0,45284940.0,16355492.0,28929448.0,23.0078,222.46203098853766,0.5620485275050935,3e-05,0.05,0.2576353990007192,True,board.processor.cores0.generator has encountered the exit state and will terminate the simulation.,m5out/ddr5-4800-gem5-ramulator-sweep/runs/probe-stream-mixed-ramulator-40GiBps
ramulator,probe-stream-mixed,probe-stream,50,48GiB/s,51.539607552,22.91626666666667,22.549333333333337,0.366933333333333,318.3729534883721,,,173.3476961746445,318.3729534883721,10742.0,10570.0,172.0,48277439.0,19127007.0,29150432.0,22.9203,225.72768693861937,0.5564546130952381,3e-05,0.05,0.25798972499978845,True,board.processor.cores0.generator has encountered the exit state and will terminate the simulation.,m5out/ddr5-4800-gem5-ramulator-sweep/runs/probe-stream-mixed-ramulator-48GiBps
